"experiment","n","k","rep","noise","method","time","nsegments","mean_candidates","max_candidates","error"
"no_change",256,0,1,"student","SVP Gaussian",0.001,19,19.41796875,64,NA
"no_change",329,0,1,"student","SVP Gaussian",0.00199999999999989,21,20.2674772036474,57,NA
"no_change",424,0,1,"student","SVP Gaussian",0.002,23,21.5400943396226,59,NA
"no_change",545,0,1,"student","SVP Gaussian",0.002,48,17.8477064220184,58,NA
"no_change",702,0,1,"student","SVP Gaussian",0.002,45,22.7948717948718,75,NA
"no_change",903,0,1,"student","SVP Gaussian",0.003,49,28.2912513842746,111,NA
"no_change",1162,0,1,"student","SVP Gaussian",0.003,76,22.5722891566265,81,NA
"no_change",1495,0,1,"student","SVP Gaussian",0.004,89,23.1919732441471,99,NA
"no_change",1923,0,1,"student","SVP Gaussian",0.006,109,27.108164326573,129,NA
"no_change",2474,0,1,"student","SVP Gaussian",0.00900000000000001,110,35.4163298302343,164,NA
"no_change",3183,0,1,"student","SVP Gaussian",0.011,165,30.1473452717561,140,NA
"no_change",4096,0,1,"student","SVP Gaussian",0.014,193,32.30908203125,156,NA
"no_change",256,0,2,"student","SVP Gaussian",0,19,14.2109375,36,NA
"no_change",329,0,2,"student","SVP Gaussian",0.00100000000000011,20,21.2613981762918,67,NA
"no_change",424,0,2,"student","SVP Gaussian",0.00100000000000011,26,21.8490566037736,75,NA
"no_change",545,0,2,"student","SVP Gaussian",0.002,30,31.5467889908256,116,NA
"no_change",702,0,2,"student","SVP Gaussian",0.002,46,26.0897435897435,89,NA
"no_change",903,0,2,"student","SVP Gaussian",0.00299999999999989,71,30.4352159468438,118,NA
"no_change",1162,0,2,"student","SVP Gaussian",0.004,70,22.6514629948365,91,NA
"no_change",1495,0,2,"student","SVP Gaussian",0.004,75,26.6615384615385,89,NA
"no_change",1923,0,2,"student","SVP Gaussian",0.0069999999999999,104,28.0488819552782,93,NA
"no_change",2474,0,2,"student","SVP Gaussian",0.0069999999999999,115,29.3031527890057,111,NA
"no_change",3183,0,2,"student","SVP Gaussian",0.0109999999999999,146,32.5435124096763,189,NA
"no_change",4096,0,2,"student","SVP Gaussian",0.016,167,38.194091796875,181,NA
"no_change",256,0,3,"student","SVP Gaussian",0.00099999999999989,17,25.8125,86,NA
"no_change",329,0,3,"student","SVP Gaussian",0,26,17.9939209726444,64,NA
"no_change",424,0,3,"student","SVP Gaussian",0.00099999999999989,22,30.8160377358491,97,NA
"no_change",545,0,3,"student","SVP Gaussian",0.00099999999999989,41,20.8422018348624,83,NA
"no_change",702,0,3,"student","SVP Gaussian",0.002,44,20.1894586894587,67,NA
"no_change",903,0,3,"student","SVP Gaussian",0.004,38,45.2834994462902,203,NA
"no_change",1162,0,3,"student","SVP Gaussian",0.00299999999999989,62,28.3450946643718,105,NA
"no_change",1495,0,3,"student","SVP Gaussian",0.00500000000000012,69,31.2688963210702,104,NA
"no_change",1923,0,3,"student","SVP Gaussian",0.00700000000000012,108,29.4550182007281,120,NA
"no_change",2474,0,3,"student","SVP Gaussian",0.0069999999999999,129,27.8233629749394,146,NA
"no_change",3183,0,3,"student","SVP Gaussian",0.0109999999999999,142,32.641533144832,162,NA
"no_change",4096,0,3,"student","SVP Gaussian",0.0129999999999999,232,26.842041015625,112,NA
"no_change",256,0,4,"student","SVP Gaussian",0.00100000000000011,13,37.3046875,101,NA
"no_change",329,0,4,"student","SVP Gaussian",0.00099999999999989,20,26.3282674772037,83,NA
"no_change",424,0,4,"student","SVP Gaussian",0.002,19,56.7429245283018,199,NA
"no_change",545,0,4,"student","SVP Gaussian",0.002,30,26.4752293577982,95,NA
"no_change",702,0,4,"student","SVP Gaussian",0.002,41,25.5541310541311,79,NA
"no_change",903,0,4,"student","SVP Gaussian",0.00299999999999989,51,25.1328903654485,87,NA
"no_change",1162,0,4,"student","SVP Gaussian",0.004,69,23.7943201376936,107,NA
"no_change",1495,0,4,"student","SVP Gaussian",0.00500000000000034,83,28.8742474916388,107,NA
"no_change",1923,0,4,"student","SVP Gaussian",0.00600000000000023,102,29.4373374934997,118,NA
"no_change",2474,0,4,"student","SVP Gaussian",0.0089999999999999,120,34.651576394503,131,NA
"no_change",3183,0,4,"student","SVP Gaussian",0.012,155,37.4084197298149,262,NA
"no_change",4096,0,4,"student","SVP Gaussian",0.0139999999999998,199,33.15869140625,124,NA
"no_change",256,0,5,"student","SVP Gaussian",0.00099999999999989,7,49.14453125,132,NA
"no_change",329,0,5,"student","SVP Gaussian",0.00099999999999989,16,30.9361702127659,85,NA
"no_change",424,0,5,"student","SVP Gaussian",0.00099999999999989,22,28.5778301886792,88,NA
"no_change",545,0,5,"student","SVP Gaussian",0.00199999999999978,36,18.9908256880734,61,NA
"no_change",702,0,5,"student","SVP Gaussian",0.00200000000000022,32,35.951566951567,143,NA
"no_change",903,0,5,"student","SVP Gaussian",0.00200000000000022,68,20.3233665559247,75,NA
"no_change",1162,0,5,"student","SVP Gaussian",0.00499999999999989,52,34.3012048192771,123,NA
"no_change",1495,0,5,"student","SVP Gaussian",0.00499999999999989,67,30.8133779264214,116,NA
"no_change",1923,0,5,"student","SVP Gaussian",0.00699999999999967,105,37.8169526781068,207,NA
"no_change",2474,0,5,"student","SVP Gaussian",0.0089999999999999,104,42.1729991915925,220,NA
"no_change",3183,0,5,"student","SVP Gaussian",0.012,149,37.6503298774744,165,NA
"no_change",4096,0,5,"student","SVP Gaussian",0.0150000000000001,186,37.52197265625,169,NA
"no_change",256,0,6,"student","SVP Gaussian",0.00100000000000033,18,18,51,NA
"no_change",329,0,6,"student","SVP Gaussian",0.00100000000000033,34,16.1246200607903,47,NA
"no_change",424,0,6,"student","SVP Gaussian",0.00200000000000022,31,30.8490566037736,122,NA
"no_change",545,0,6,"student","SVP Gaussian",0.00199999999999978,32,32.3027522935779,135,NA
"no_change",702,0,6,"student","SVP Gaussian",0.00200000000000022,39,30.3048433048433,112,NA
"no_change",903,0,6,"student","SVP Gaussian",0.00300000000000011,48,38.732004429679,195,NA
"no_change",1162,0,6,"student","SVP Gaussian",0.004,61,31.289156626506,116,NA
"no_change",1495,0,6,"student","SVP Gaussian",0.00499999999999989,82,28.2963210702341,108,NA
"no_change",1923,0,6,"student","SVP Gaussian",0.00700000000000012,94,35.6567862714508,193,NA
"no_change",2474,0,6,"student","SVP Gaussian",0.00999999999999979,101,40.7417138237673,202,NA
"no_change",3183,0,6,"student","SVP Gaussian",0.00999999999999979,183,30.4853911404336,157,NA
"no_change",4096,0,6,"student","SVP Gaussian",0.0150000000000001,195,36.593505859375,211,NA
"no_change",256,0,7,"student","SVP Gaussian",0,24,15.27734375,50,NA
"no_change",329,0,7,"student","SVP Gaussian",0.00099999999999989,17,26.838905775076,78,NA
"no_change",424,0,7,"student","SVP Gaussian",0.00099999999999989,45,14.1792452830189,49,NA
"no_change",545,0,7,"student","SVP Gaussian",0.00099999999999989,35,23.4,96,NA
"no_change",702,0,7,"student","SVP Gaussian",0.00300000000000011,31,27.954415954416,104,NA
"no_change",903,0,7,"student","SVP Gaussian",0.00300000000000011,39,33.8671096345515,134,NA
"no_change",1162,0,7,"student","SVP Gaussian",0.00499999999999989,55,37.3046471600688,169,NA
"no_change",1495,0,7,"student","SVP Gaussian",0.00499999999999989,82,39.9397993311037,164,NA
"no_change",1923,0,7,"student","SVP Gaussian",0.00599999999999978,113,26.33749349974,99,NA
"no_change",2474,0,7,"student","SVP Gaussian",0.00800000000000001,116,32.3464025869038,143,NA
"no_change",3183,0,7,"student","SVP Gaussian",0.0109999999999997,151,33.650329877474,153,NA
"no_change",4096,0,7,"student","SVP Gaussian",0.0149999999999997,180,35.75390625,189,NA
"no_change",256,0,8,"student","SVP Gaussian",0,15,23.7734375,71,NA
"no_change",329,0,8,"student","SVP Gaussian",0.00099999999999989,21,22.8297872340426,83,NA
"no_change",424,0,8,"student","SVP Gaussian",0.00099999999999989,31,33.8490566037736,140,NA
"no_change",545,0,8,"student","SVP Gaussian",0.00099999999999989,43,17.7357798165138,58,NA
"no_change",702,0,8,"student","SVP Gaussian",0.00199999999999978,43,25.6538461538461,102,NA
"no_change",903,0,8,"student","SVP Gaussian",0.00299999999999967,55,26.9933554817276,126,NA
"no_change",1162,0,8,"student","SVP Gaussian",0.004,59,27.8450946643719,106,NA
"no_change",1495,0,8,"student","SVP Gaussian",0.00499999999999989,66,38.5123745819398,157,NA
"no_change",1923,0,8,"student","SVP Gaussian",0.00700000000000012,90,32.9271970878835,174,NA
"no_change",2474,0,8,"student","SVP Gaussian",0.00800000000000001,115,34.3581244947453,162,NA
"no_change",3183,0,8,"student","SVP Gaussian",0.0110000000000001,180,28.7785108388313,121,NA
"no_change",4096,0,8,"student","SVP Gaussian",0.0139999999999998,216,32.568603515625,161,NA
"no_change",256,0,9,"student","SVP Gaussian",0.00099999999999989,27,12.921875,37,NA
"no_change",329,0,9,"student","SVP Gaussian",0.00100000000000033,20,30.4924012158055,79,NA
"no_change",424,0,9,"student","SVP Gaussian",0.000999999999999446,27,19.4339622641509,62,NA
"no_change",545,0,9,"student","SVP Gaussian",0.00200000000000067,28,29.5321100917431,100,NA
"no_change",702,0,9,"student","SVP Gaussian",0.00200000000000067,37,32.474358974359,106,NA
"no_change",903,0,9,"student","SVP Gaussian",0.00400000000000045,48,34.6334440753046,158,NA
"no_change",1162,0,9,"student","SVP Gaussian",0.00299999999999923,84,21.6953528399312,83,NA
"no_change",1495,0,9,"student","SVP Gaussian",0.00499999999999989,63,44.9725752508363,241,NA
"no_change",1923,0,9,"student","SVP Gaussian",0.00600000000000023,97,26.6973478939158,97,NA
"no_change",2474,0,9,"student","SVP Gaussian",0.00800000000000001,142,28.0404203718674,99,NA
"no_change",3183,0,9,"student","SVP Gaussian",0.0119999999999996,139,35.0578071002199,148,NA
"no_change",4096,0,9,"student","SVP Gaussian",0.0170000000000003,153,45.825439453125,276,NA
"no_change",256,0,10,"student","SVP Gaussian",0.00100000000000033,14,25.07421875,74,NA
"no_change",329,0,10,"student","SVP Gaussian",0.000999999999999446,24,16.258358662614,41,NA
"no_change",424,0,10,"student","SVP Gaussian",0.00100000000000033,33,17.8938679245283,76,NA
"no_change",545,0,10,"student","SVP Gaussian",0.00199999999999978,39,19.7082568807339,63,NA
"no_change",702,0,10,"student","SVP Gaussian",0.00199999999999978,32,26.8547008547008,93,NA
"no_change",903,0,10,"student","SVP Gaussian",0.00300000000000011,52,29.7884828349945,111,NA
"no_change",1162,0,10,"student","SVP Gaussian",0.00400000000000045,63,30.5619621342513,120,NA
"no_change",1495,0,10,"student","SVP Gaussian",0.00600000000000023,66,42.0588628762541,224,NA
"no_change",1923,0,10,"student","SVP Gaussian",0.00700000000000056,92,37.2132085283412,169,NA
"no_change",2474,0,10,"student","SVP Gaussian",0.00800000000000001,133,26.374696847211,99,NA
"no_change",3183,0,10,"student","SVP Gaussian",0.0110000000000001,161,34.7722274583726,145,NA
"no_change",4096,0,10,"student","SVP Gaussian",0.0140000000000002,188,32.133056640625,124,NA
"no_change",256,0,1,"student","SVP Wilcoxon",0.000999999999999446,1,128.5,256,NA
"no_change",329,0,1,"student","SVP Wilcoxon",0.00200000000000067,1,165,329,NA
"no_change",424,0,1,"student","SVP Wilcoxon",0.00199999999999978,1,212.5,424,NA
"no_change",545,0,1,"student","SVP Wilcoxon",0.00400000000000045,1,273,545,NA
"no_change",702,0,1,"student","SVP Wilcoxon",0.00600000000000023,1,351.5,702,NA
"no_change",903,0,1,"student","SVP Wilcoxon",0.00999999999999979,1,452,903,NA
"no_change",1162,0,1,"student","SVP Wilcoxon",0.0170000000000003,1,581.5,1162,NA
"no_change",1495,0,1,"student","SVP Wilcoxon",0.0290000000000008,1,748,1495,NA
"no_change",1923,0,1,"student","SVP Wilcoxon",0.0510000000000002,1,962,1923,NA
"no_change",2474,0,1,"student","SVP Wilcoxon",0.0880000000000001,1,1237.5,2474,NA
"no_change",3183,0,1,"student","SVP Wilcoxon",0.153,1,1592,3183,NA
"no_change",4096,0,1,"student","SVP Wilcoxon",0.26,1,2048.5,4096,NA
"no_change",256,0,2,"student","SVP Wilcoxon",0,1,128.5,256,NA
"no_change",329,0,2,"student","SVP Wilcoxon",0.00100000000000033,1,165,329,NA
"no_change",424,0,2,"student","SVP Wilcoxon",0.00200000000000067,1,212.5,424,NA
"no_change",545,0,2,"student","SVP Wilcoxon",0.00300000000000011,1,273,545,NA
"no_change",702,0,2,"student","SVP Wilcoxon",0.00600000000000023,1,351.5,702,NA
"no_change",903,0,2,"student","SVP Wilcoxon",0.00999999999999979,1,452,903,NA
"no_change",1162,0,2,"student","SVP Wilcoxon",0.0170000000000003,1,581.5,1162,NA
"no_change",1495,0,2,"student","SVP Wilcoxon",1.061,2,742.691638795985,1451,NA
"no_change",1923,0,2,"student","SVP Wilcoxon",0.0510000000000002,1,962,1923,NA
"no_change",2474,0,2,"student","SVP Wilcoxon",0.0889999999999995,1,1237.5,2474,NA
"no_change",3183,0,2,"student","SVP Wilcoxon",0.155,1,1592,3183,NA
"no_change",4096,0,2,"student","SVP Wilcoxon",0.276,1,2048.5,4096,NA
"no_change",256,0,3,"student","SVP Wilcoxon",0.00100000000000033,1,128.5,256,NA
"no_change",329,0,3,"student","SVP Wilcoxon",0.00100000000000033,1,165,329,NA
"no_change",424,0,3,"student","SVP Wilcoxon",0.00200000000000067,1,212.5,424,NA
"no_change",545,0,3,"student","SVP Wilcoxon",0.00300000000000011,1,273,545,NA
"no_change",702,0,3,"student","SVP Wilcoxon",0.00599999999999934,1,351.5,702,NA
"no_change",903,0,3,"student","SVP Wilcoxon",0.00999999999999979,1,452,903,NA
"no_change",1162,0,3,"student","SVP Wilcoxon",0.0180000000000007,1,581.5,1162,NA
"no_change",1495,0,3,"student","SVP Wilcoxon",0.0330000000000013,1,748,1495,NA
"no_change",1923,0,3,"student","SVP Wilcoxon",0.0519999999999996,1,962,1923,NA
"no_change",2474,0,3,"student","SVP Wilcoxon",0.0879999999999992,1,1237.5,2474,NA
"no_change",3183,0,3,"student","SVP Wilcoxon",0.157,1,1592,3183,NA
"no_change",4096,0,3,"student","SVP Wilcoxon",0.279,1,2048.5,4096,NA
"no_change",256,0,4,"student","SVP Wilcoxon",0,1,128.5,256,NA
"no_change",329,0,4,"student","SVP Wilcoxon",0.00200000000000067,1,165,329,NA
"no_change",424,0,4,"student","SVP Wilcoxon",0.00199999999999889,1,212.5,424,NA
"no_change",545,0,4,"student","SVP Wilcoxon",0.00399999999999956,1,273,545,NA
"no_change",702,0,4,"student","SVP Wilcoxon",0.00600000000000023,1,351.5,702,NA
"no_change",903,0,4,"student","SVP Wilcoxon",0.00999999999999979,1,452,903,NA
"no_change",1162,0,4,"student","SVP Wilcoxon",0.0180000000000007,1,581.5,1162,NA
"no_change",1495,0,4,"student","SVP Wilcoxon",0.0300000000000011,1,748,1495,NA
"no_change",1923,0,4,"student","SVP Wilcoxon",0.0510000000000002,1,962,1923,NA
"no_change",2474,0,4,"student","SVP Wilcoxon",0.0879999999999992,1,1237.5,2474,NA
"no_change",3183,0,4,"student","SVP Wilcoxon",0.15,1,1592,3183,NA
"no_change",4096,0,4,"student","SVP Wilcoxon",0.262,1,2048.5,4096,NA
"no_change",256,0,5,"student","SVP Wilcoxon",0.000999999999999446,1,128.5,256,NA
"no_change",329,0,5,"student","SVP Wilcoxon",0.000999999999999446,1,165,329,NA
"no_change",424,0,5,"student","SVP Wilcoxon",0.00200000000000067,1,212.5,424,NA
"no_change",545,0,5,"student","SVP Wilcoxon",0.00300000000000011,1,273,545,NA
"no_change",702,0,5,"student","SVP Wilcoxon",0.0080000000000009,1,351.5,702,NA
"no_change",903,0,5,"student","SVP Wilcoxon",0.0119999999999987,1,452,903,NA
"no_change",1162,0,5,"student","SVP Wilcoxon",0.0179999999999989,1,581.5,1162,NA
"no_change",1495,0,5,"student","SVP Wilcoxon",0.0310000000000006,1,748,1495,NA
"no_change",1923,0,5,"student","SVP Wilcoxon",0.0560000000000009,1,962,1923,NA
"no_change",2474,0,5,"student","SVP Wilcoxon",0.0890000000000004,1,1237.5,2474,NA
"no_change",3183,0,5,"student","SVP Wilcoxon",0.161999999999999,1,1592,3183,NA
"no_change",4096,0,5,"student","SVP Wilcoxon",0.279,1,2048.5,4096,NA
"no_change",256,0,6,"student","SVP Wilcoxon",0.00100000000000122,1,128.5,256,NA
"no_change",329,0,6,"student","SVP Wilcoxon",0.000999999999999446,1,165,329,NA
"no_change",424,0,6,"student","SVP Wilcoxon",0.00200000000000067,1,212.5,424,NA
"no_change",545,0,6,"student","SVP Wilcoxon",0.00399999999999956,1,273,545,NA
"no_change",702,0,6,"student","SVP Wilcoxon",0.00599999999999845,1,351.5,702,NA
"no_change",903,0,6,"student","SVP Wilcoxon",0.0129999999999999,1,452,903,NA
"no_change",1162,0,6,"student","SVP Wilcoxon",0.0169999999999995,1,581.5,1162,NA
"no_change",1495,0,6,"student","SVP Wilcoxon",0.0299999999999994,1,748,1495,NA
"no_change",1923,0,6,"student","SVP Wilcoxon",0.0540000000000003,1,962,1923,NA
"no_change",2474,0,6,"student","SVP Wilcoxon",0.0960000000000001,1,1237.5,2474,NA
"no_change",3183,0,6,"student","SVP Wilcoxon",0.156000000000001,1,1592,3183,NA
"no_change",4096,0,6,"student","SVP Wilcoxon",0.26,1,2048.5,4096,NA
"no_change",256,0,7,"student","SVP Wilcoxon",0.00100000000000122,1,128.5,256,NA
"no_change",329,0,7,"student","SVP Wilcoxon",0.000999999999999446,1,165,329,NA
"no_change",424,0,7,"student","SVP Wilcoxon",0.00199999999999889,1,212.5,424,NA
"no_change",545,0,7,"student","SVP Wilcoxon",0.00399999999999956,1,273,545,NA
"no_change",702,0,7,"student","SVP Wilcoxon",0.00600000000000023,1,351.5,702,NA
"no_change",903,0,7,"student","SVP Wilcoxon",0.00999999999999979,1,452,903,NA
"no_change",1162,0,7,"student","SVP Wilcoxon",0.0169999999999995,1,581.5,1162,NA
"no_change",1495,0,7,"student","SVP Wilcoxon",0.0300000000000011,1,748,1495,NA
"no_change",1923,0,7,"student","SVP Wilcoxon",0.0520000000000014,1,962,1923,NA
"no_change",2474,0,7,"student","SVP Wilcoxon",0.088000000000001,1,1237.5,2474,NA
"no_change",3183,0,7,"student","SVP Wilcoxon",0.152000000000001,1,1592,3183,NA
"no_change",4096,0,7,"student","SVP Wilcoxon",0.266,1,2048.5,4096,NA
"no_change",256,0,8,"student","SVP Wilcoxon",0,1,128.5,256,NA
"no_change",329,0,8,"student","SVP Wilcoxon",0.00100000000000122,1,165,329,NA
"no_change",424,0,8,"student","SVP Wilcoxon",0.00199999999999889,1,212.5,424,NA
"no_change",545,0,8,"student","SVP Wilcoxon",0.00300000000000011,1,273,545,NA
"no_change",702,0,8,"student","SVP Wilcoxon",0.00600000000000023,1,351.5,702,NA
"no_change",903,0,8,"student","SVP Wilcoxon",0.00999999999999979,1,452,903,NA
"no_change",1162,0,8,"student","SVP Wilcoxon",0.0170000000000012,1,581.5,1162,NA
"no_change",1495,0,8,"student","SVP Wilcoxon",0.032,1,748,1495,NA
"no_change",1923,0,8,"student","SVP Wilcoxon",0.0540000000000003,1,962,1923,NA
"no_change",2474,0,8,"student","SVP Wilcoxon",0.093,1,1237.5,2474,NA
"no_change",3183,0,8,"student","SVP Wilcoxon",0.161999999999999,1,1592,3183,NA
"no_change",4096,0,8,"student","SVP Wilcoxon",0.259,1,2048.5,4096,NA
"no_change",256,0,9,"student","SVP Wilcoxon",0.000999999999999446,1,128.5,256,NA
"no_change",329,0,9,"student","SVP Wilcoxon",0.000999999999999446,1,165,329,NA
"no_change",424,0,9,"student","SVP Wilcoxon",0.00199999999999889,1,212.5,424,NA
"no_change",545,0,9,"student","SVP Wilcoxon",0.00300000000000011,1,273,545,NA
"no_change",702,0,9,"student","SVP Wilcoxon",0.00600000000000023,1,351.5,702,NA
"no_change",903,0,9,"student","SVP Wilcoxon",0.00999999999999979,1,452,903,NA
"no_change",1162,0,9,"student","SVP Wilcoxon",0.0180000000000007,1,581.5,1162,NA
"no_change",1495,0,9,"student","SVP Wilcoxon",0.0299999999999994,1,748,1495,NA
"no_change",1923,0,9,"student","SVP Wilcoxon",0.0510000000000002,1,962,1923,NA
"no_change",2474,0,9,"student","SVP Wilcoxon",0.0879999999999992,1,1237.5,2474,NA
"no_change",3183,0,9,"student","SVP Wilcoxon",0.153,1,1592,3183,NA
"no_change",4096,0,9,"student","SVP Wilcoxon",0.260999999999999,1,2048.5,4096,NA
"no_change",256,0,10,"student","SVP Wilcoxon",0.000999999999999446,1,128.5,256,NA
"no_change",329,0,10,"student","SVP Wilcoxon",0.000999999999999446,1,165,329,NA
"no_change",424,0,10,"student","SVP Wilcoxon",0.00200000000000067,1,212.5,424,NA
"no_change",545,0,10,"student","SVP Wilcoxon",0.00400000000000134,1,273,545,NA
"no_change",702,0,10,"student","SVP Wilcoxon",0.00600000000000023,1,351.5,702,NA
"no_change",903,0,10,"student","SVP Wilcoxon",0.381,2,451.519379844961,890,NA
"no_change",1162,0,10,"student","SVP Wilcoxon",0.0170000000000012,1,581.5,1162,NA
"no_change",1495,0,10,"student","SVP Wilcoxon",0.0300000000000011,1,748,1495,NA
"no_change",1923,0,10,"student","SVP Wilcoxon",0.0510000000000002,1,962,1923,NA
"no_change",2474,0,10,"student","SVP Wilcoxon",0.0940000000000012,1,1237.5,2474,NA
"no_change",3183,0,10,"student","SVP Wilcoxon",0.157,1,1592,3183,NA
"no_change",4096,0,10,"student","SVP Wilcoxon",81.582,2,2035.80126953125,3940,NA
"no_change",256,0,1,"student","SVP Median-Mood",0.000999999999990564,1,128.5,256,NA
"no_change",329,0,1,"student","SVP Median-Mood",0.00300000000000011,1,165,329,NA
"no_change",424,0,1,"student","SVP Median-Mood",0.00199999999999534,1,212.5,424,NA
"no_change",545,0,1,"student","SVP Median-Mood",0.00199999999999534,1,273,545,NA
"no_change",702,0,1,"student","SVP Median-Mood",0.00300000000000011,1,351.5,702,NA
"no_change",903,0,1,"student","SVP Median-Mood",0.00499999999999545,1,452,903,NA
"no_change",1162,0,1,"student","SVP Median-Mood",0.00799999999999557,1,581.5,1162,NA
"no_change",1495,0,1,"student","SVP Median-Mood",0.01400000000001,1,748,1495,NA
"no_change",1923,0,1,"student","SVP Median-Mood",0.0229999999999961,1,962,1923,NA
"no_change",2474,0,1,"student","SVP Median-Mood",0.0369999999999919,1,1237.5,2474,NA
"no_change",3183,0,1,"student","SVP Median-Mood",0.0660000000000025,1,1592,3183,NA
"no_change",4096,0,1,"student","SVP Median-Mood",0.0900000000000034,1,2048.5,4096,NA
"no_change",256,0,2,"student","SVP Median-Mood",0.00100000000000477,1,128.5,256,NA
"no_change",329,0,2,"student","SVP Median-Mood",0.00100000000000477,1,165,329,NA
"no_change",424,0,2,"student","SVP Median-Mood",0.00100000000000477,1,212.5,424,NA
"no_change",545,0,2,"student","SVP Median-Mood",0.00199999999999534,1,273,545,NA
"no_change",702,0,2,"student","SVP Median-Mood",0.0029999999999859,1,351.5,702,NA
"no_change",903,0,2,"student","SVP Median-Mood",0.00499999999999545,1,452,903,NA
"no_change",1162,0,2,"student","SVP Median-Mood",0.007000000000005,1,581.5,1162,NA
"no_change",1495,0,2,"student","SVP Median-Mood",0.0139999999999958,1,748,1495,NA
"no_change",1923,0,2,"student","SVP Median-Mood",0.0210000000000008,1,962,1923,NA
"no_change",2474,0,2,"student","SVP Median-Mood",0.0330000000000013,1,1237.5,2474,NA
"no_change",3183,0,2,"student","SVP Median-Mood",0.0590000000000117,1,1592,3183,NA
"no_change",4096,0,2,"student","SVP Median-Mood",0.0969999999999942,1,2048.5,4096,NA
"no_change",256,0,3,"student","SVP Median-Mood",0.00100000000000477,1,128.5,256,NA
"no_change",329,0,3,"student","SVP Median-Mood",0.00100000000000477,1,165,329,NA
"no_change",424,0,3,"student","SVP Median-Mood",0.000999999999990564,1,212.5,424,NA
"no_change",545,0,3,"student","SVP Median-Mood",0.00200000000000955,1,273,545,NA
"no_change",702,0,3,"student","SVP Median-Mood",0.00300000000000011,1,351.5,702,NA
"no_change",903,0,3,"student","SVP Median-Mood",0.00500000000000966,1,452,903,NA
"no_change",1162,0,3,"student","SVP Median-Mood",0.00799999999999557,1,581.5,1162,NA
"no_change",1495,0,3,"student","SVP Median-Mood",0.0120000000000005,1,748,1495,NA
"no_change",1923,0,3,"student","SVP Median-Mood",0.0220000000000056,1,962,1923,NA
"no_change",2474,0,3,"student","SVP Median-Mood",0.0330000000000013,1,1237.5,2474,NA
"no_change",3183,0,3,"student","SVP Median-Mood",0.0600000000000023,1,1592,3183,NA
"no_change",4096,0,3,"student","SVP Median-Mood",0.0919999999999987,1,2048.5,4096,NA
"no_change",256,0,4,"student","SVP Median-Mood",0,1,128.5,256,NA
"no_change",329,0,4,"student","SVP Median-Mood",0,1,165,329,NA
"no_change",424,0,4,"student","SVP Median-Mood",0.00100000000000477,1,212.5,424,NA
"no_change",545,0,4,"student","SVP Median-Mood",0.00199999999999534,1,273,545,NA
"no_change",702,0,4,"student","SVP Median-Mood",0.00300000000000011,1,351.5,702,NA
"no_change",903,0,4,"student","SVP Median-Mood",0.00500000000000966,1,452,903,NA
"no_change",1162,0,4,"student","SVP Median-Mood",0.00900000000000034,1,581.5,1162,NA
"no_change",1495,0,4,"student","SVP Median-Mood",0.0120000000000005,1,748,1495,NA
"no_change",1923,0,4,"student","SVP Median-Mood",0.0220000000000056,1,962,1923,NA
"no_change",2474,0,4,"student","SVP Median-Mood",0.0349999999999966,1,1237.5,2474,NA
"no_change",3183,0,4,"student","SVP Median-Mood",0.0600000000000023,1,1592,3183,NA
"no_change",4096,0,4,"student","SVP Median-Mood",0.0970000000000084,1,2048.5,4096,NA
"no_change",256,0,5,"student","SVP Median-Mood",0,1,128.5,256,NA
"no_change",329,0,5,"student","SVP Median-Mood",0,1,165,329,NA
"no_change",424,0,5,"student","SVP Median-Mood",0.000999999999990564,1,212.5,424,NA
"no_change",545,0,5,"student","SVP Median-Mood",0.00199999999999534,1,273,545,NA
"no_change",702,0,5,"student","SVP Median-Mood",0.00300000000000011,1,351.5,702,NA
"no_change",903,0,5,"student","SVP Median-Mood",0.00499999999999545,1,452,903,NA
"no_change",1162,0,5,"student","SVP Median-Mood",0.00799999999999557,1,581.5,1162,NA
"no_change",1495,0,5,"student","SVP Median-Mood",0.0130000000000052,1,748,1495,NA
"no_change",1923,0,5,"student","SVP Median-Mood",0.0219999999999914,1,962,1923,NA
"no_change",2474,0,5,"student","SVP Median-Mood",0.0350000000000108,1,1237.5,2474,NA
"no_change",3183,0,5,"student","SVP Median-Mood",0.0570000000000022,1,1592,3183,NA
"no_change",4096,0,5,"student","SVP Median-Mood",0.0990000000000038,1,2048.5,4096,NA
"no_change",256,0,6,"student","SVP Median-Mood",0,1,128.5,256,NA
"no_change",329,0,6,"student","SVP Median-Mood",0.00100000000000477,1,165,329,NA
"no_change",424,0,6,"student","SVP Median-Mood",0.00100000000000477,1,212.5,424,NA
"no_change",545,0,6,"student","SVP Median-Mood",0.000999999999990564,1,273,545,NA
"no_change",702,0,6,"student","SVP Median-Mood",0.00300000000000011,1,351.5,702,NA
"no_change",903,0,6,"student","SVP Median-Mood",0.00499999999999545,1,452,903,NA
"no_change",1162,0,6,"student","SVP Median-Mood",0.00799999999999557,1,581.5,1162,NA
"no_change",1495,0,6,"student","SVP Median-Mood",0.0120000000000005,1,748,1495,NA
"no_change",1923,0,6,"student","SVP Median-Mood",0.0210000000000008,1,962,1923,NA
"no_change",2474,0,6,"student","SVP Median-Mood",0.0370000000000061,1,1237.5,2474,NA
"no_change",3183,0,6,"student","SVP Median-Mood",0.0549999999999926,1,1592,3183,NA
"no_change",4096,0,6,"student","SVP Median-Mood",0.100999999999999,1,2048.5,4096,NA
"no_change",256,0,7,"student","SVP Median-Mood",0.000999999999990564,1,128.5,256,NA
"no_change",329,0,7,"student","SVP Median-Mood",0.000999999999990564,1,165,329,NA
"no_change",424,0,7,"student","SVP Median-Mood",0.00100000000000477,1,212.5,424,NA
"no_change",545,0,7,"student","SVP Median-Mood",0.00199999999999534,1,273,545,NA
"no_change",702,0,7,"student","SVP Median-Mood",0.00300000000000011,1,351.5,702,NA
"no_change",903,0,7,"student","SVP Median-Mood",0.00499999999999545,1,452,903,NA
"no_change",1162,0,7,"student","SVP Median-Mood",0.007000000000005,1,581.5,1162,NA
"no_change",1495,0,7,"student","SVP Median-Mood",0.012999999999991,1,748,1495,NA
"no_change",1923,0,7,"student","SVP Median-Mood",0.0200000000000102,1,962,1923,NA
"no_change",2474,0,7,"student","SVP Median-Mood",0.0360000000000014,1,1237.5,2474,NA
"no_change",3183,0,7,"student","SVP Median-Mood",0.0600000000000023,1,1592,3183,NA
"no_change",4096,0,7,"student","SVP Median-Mood",0.0900000000000034,1,2048.5,4096,NA
"no_change",256,0,8,"student","SVP Median-Mood",0,1,128.5,256,NA
"no_change",329,0,8,"student","SVP Median-Mood",0.00100000000000477,1,165,329,NA
"no_change",424,0,8,"student","SVP Median-Mood",0.00100000000000477,1,212.5,424,NA
"no_change",545,0,8,"student","SVP Median-Mood",0.00199999999999534,1,273,545,NA
"no_change",702,0,8,"student","SVP Median-Mood",0.00399999999999068,1,351.5,702,NA
"no_change",903,0,8,"student","SVP Median-Mood",0.00500000000000966,1,452,903,NA
"no_change",1162,0,8,"student","SVP Median-Mood",0.00799999999999557,1,581.5,1162,NA
"no_change",1495,0,8,"student","SVP Median-Mood",0.012999999999991,1,748,1495,NA
"no_change",1923,0,8,"student","SVP Median-Mood",0.0189999999999912,1,962,1923,NA
"no_change",2474,0,8,"student","SVP Median-Mood",0.0360000000000014,1,1237.5,2474,NA
"no_change",3183,0,8,"student","SVP Median-Mood",0.0589999999999975,1,1592,3183,NA
"no_change",4096,0,8,"student","SVP Median-Mood",0.097999999999999,1,2048.5,4096,NA
"no_change",256,0,9,"student","SVP Median-Mood",0.00100000000000477,1,128.5,256,NA
"no_change",329,0,9,"student","SVP Median-Mood",0.00100000000000477,1,165,329,NA
"no_change",424,0,9,"student","SVP Median-Mood",0.000999999999990564,1,212.5,424,NA
"no_change",545,0,9,"student","SVP Median-Mood",0.00199999999999534,1,273,545,NA
"no_change",702,0,9,"student","SVP Median-Mood",0.00300000000000011,1,351.5,702,NA
"no_change",903,0,9,"student","SVP Median-Mood",0.00499999999999545,1,452,903,NA
"no_change",1162,0,9,"student","SVP Median-Mood",0.007000000000005,1,581.5,1162,NA
"no_change",1495,0,9,"student","SVP Median-Mood",0.012999999999991,1,748,1495,NA
"no_change",1923,0,9,"student","SVP Median-Mood",0.0210000000000008,1,962,1923,NA
"no_change",2474,0,9,"student","SVP Median-Mood",0.0379999999999967,1,1237.5,2474,NA
"no_change",3183,0,9,"student","SVP Median-Mood",0.0589999999999975,1,1592,3183,NA
"no_change",4096,0,9,"student","SVP Median-Mood",0.097999999999999,1,2048.5,4096,NA
"no_change",256,0,10,"student","SVP Median-Mood",0,1,128.5,256,NA
"no_change",329,0,10,"student","SVP Median-Mood",0.00100000000000477,1,165,329,NA
"no_change",424,0,10,"student","SVP Median-Mood",0.00100000000000477,1,212.5,424,NA
"no_change",545,0,10,"student","SVP Median-Mood",0.00199999999999534,1,273,545,NA
"no_change",702,0,10,"student","SVP Median-Mood",0.00300000000000011,1,351.5,702,NA
"no_change",903,0,10,"student","SVP Median-Mood",0.00499999999999545,1,452,903,NA
"no_change",1162,0,10,"student","SVP Median-Mood",0.00800000000000978,1,581.5,1162,NA
"no_change",1495,0,10,"student","SVP Median-Mood",0.0150000000000006,1,748,1495,NA
"no_change",1923,0,10,"student","SVP Median-Mood",0.0220000000000056,1,962,1923,NA
"no_change",2474,0,10,"student","SVP Median-Mood",0.0359999999999872,1,1237.5,2474,NA
"no_change",3183,0,10,"student","SVP Median-Mood",0.0589999999999975,1,1592,3183,NA
"no_change",4096,0,10,"student","SVP Median-Mood",0.0949999999999989,1,2048.5,4096,NA
