"experiment","n","k","method","baseline_median","shortcut_median","median_speedup","matching_segment_counts","paired_rows"
"vary_k",10000,0,"PELT",0.0829999999999913,0.0830000000000269,0.999999999999572,10,10
"vary_k",10000,0,"SVP BIC",0.0130000000000052,0.0130000000000337,0.999999999997808,10,10
"vary_k",10000,0,"SVP BIC calibrated",0.0129999999999981,0.0129999999999768,1.00000000000163,10,10
"vary_k",10000,0,"SVP BIC multiscale",0.00100000000000477,4.30049999999994,0.000232531101035876,10,10
"vary_k",10000,1,"PELT",0.0460000000000065,0.0469999999999687,0.97872340425611,10,10
"vary_k",10000,1,"SVP BIC",1.076,1.30100000000005,0.827056110684064,10,10
"vary_k",10000,1,"SVP BIC calibrated",1.0695,1.28999999999996,0.829069767441883,10,10
"vary_k",10000,1,"SVP BIC multiscale",1.415,1.47449999999998,0.959647338080718,10,10
"vary_k",10000,2,"PELT",0.0260000000000034,0.0279999999999632,0.92857142857277,10,10
"vary_k",10000,2,"SVP BIC",0.741000000000007,0.839999999999975,0.882142857142892,10,10
"vary_k",10000,2,"SVP BIC calibrated",0.753,0.844000000000051,0.892180094786676,10,10
"vary_k",10000,2,"SVP BIC multiscale",0.8645,0.909500000000037,0.950522264980719,10,10
"vary_k",10000,3,"PELT",0.021000000000015,0.0240000000000009,0.875000000000592,10,10
"vary_k",10000,3,"SVP BIC",0.566999999999993,0.636500000000069,0.890809112332964,10,10
"vary_k",10000,3,"SVP BIC calibrated",0.5655,0.635000000000048,0.890551181102296,10,10
"vary_k",10000,3,"SVP BIC multiscale",0.635999999999996,0.681500000000028,0.933235509904578,10,10
"vary_k",10000,4,"PELT",0.0180000000000007,0.0179999999999154,1.00000000000474,10,10
"vary_k",10000,4,"SVP BIC",0.465000000000003,0.513500000000022,0.905550146056442,10,10
"vary_k",10000,4,"SVP BIC calibrated",0.467500000000001,0.512999999999977,0.911306042885033,10,10
"vary_k",10000,4,"SVP BIC multiscale",0.513000000000005,0.541499999999985,0.947368421052667,10,10
"vary_k",10000,5,"PELT",0.0149999999999864,0.0160000000000764,0.937499999994673,10,10
"vary_k",10000,5,"SVP BIC",0.394999999999996,0.425000000000011,0.929411764705848,10,10
"vary_k",10000,5,"SVP BIC calibrated",0.394000000000005,0.427500000000009,0.921637426900577,10,10
"vary_k",10000,5,"SVP BIC multiscale",0.425499999999986,0.446000000000026,0.954035874439374,10,10
"vary_k",10000,6,"PELT",0.0130000000000052,0.01400000000001,0.928571428571137,10,10
"vary_k",10000,6,"SVP BIC",0.346499999999991,0.368000000000052,0.941576086956366,10,10
"vary_k",10000,6,"SVP BIC calibrated",0.347000000000008,0.365999999999985,0.94808743169405,10,10
"vary_k",10000,6,"SVP BIC multiscale",0.368499999999997,0.386000000000024,0.954663212435167,10,10
"vary_k",10000,7,"PELT",0.0120000000000005,0.0130000000000337,0.923076923074569,10,10
"vary_k",10000,7,"SVP BIC",0.307000000000002,0.324999999999932,0.94461538461559,10,10
"vary_k",10000,7,"SVP BIC calibrated",0.3065,0.326000000000022,0.940184049079691,10,10
"vary_k",10000,7,"SVP BIC multiscale",0.327999999999989,0.339499999999987,0.966126656848311,10,10
"vary_k",10000,8,"PELT",0.0124999999999886,0.0110000000000241,1.13636363636011,10,10
"vary_k",10000,8,"SVP BIC",0.272999999999996,0.291999999999973,0.934931506849388,10,10
"vary_k",10000,8,"SVP BIC calibrated",0.271999999999991,0.291500000000042,0.933104631217675,10,10
"vary_k",10000,8,"SVP BIC multiscale",0.287500000000009,0.302999999999997,0.948844884488486,10,10
"vary_k",10000,9,"PELT",0.0099999999999909,0.0115000000000123,0.869565217389583,10,10
"vary_k",10000,9,"SVP BIC",0.24799999999999,0.264999999999986,0.935849056603785,10,10
"vary_k",10000,9,"SVP BIC calibrated",0.247499999999988,0.264499999999998,0.935727788279735,10,10
"vary_k",10000,9,"SVP BIC multiscale",0.257500000000008,0.272500000000036,0.944954128440268,10,10
"vary_k",10000,10,"PELT",0.00950000000000273,0.0099999999999909,0.950000000001137,10,10
"vary_k",10000,10,"SVP BIC",0.225999999999999,0.242500000000006,0.931958762886569,10,10
"vary_k",10000,10,"SVP BIC calibrated",0.226500000000002,0.245000000000062,0.924489795918141,10,10
"vary_k",10000,10,"SVP BIC multiscale",0.236999999999995,0.254999999999996,0.929411764705879,10,10
"vary_k",10000,11,"PELT",0.00899999999998613,0.00900000000001455,0.999999999996842,10,10
"vary_k",10000,11,"SVP BIC",0.209499999999991,0.224999999999966,0.931111111111214,10,10
"vary_k",10000,11,"SVP BIC calibrated",0.208999999999989,0.223500000000002,0.935123042505537,10,10
"vary_k",10000,11,"SVP BIC multiscale",0.219999999999999,0.230999999999995,0.952380952380969,10,10
"vary_k",10000,12,"PELT",0.00799999999999557,0.00849999999996954,0.941176470591087,10,10
"vary_k",10000,12,"SVP BIC",0.195999999999998,0.208500000000015,0.940047961630618,10,10
"vary_k",10000,12,"SVP BIC calibrated",0.195999999999998,0.208500000000072,0.940047961630361,10,10
"vary_k",10000,12,"SVP BIC multiscale",0.203999999999994,0.212499999999977,0.960000000000073,10,10
"vary_k",10000,13,"PELT",0.00800000000000978,0.0080000000000382,0.999999999996448,10,10
"vary_k",10000,13,"SVP BIC",0.184500000000014,0.193499999999972,0.953488372093234,10,10
"vary_k",10000,13,"SVP BIC calibrated",0.185000000000002,0.196000000000026,0.943877551020293,10,10
"vary_k",10000,13,"SVP BIC multiscale",0.191500000000019,0.199000000000012,0.962311557788982,10,10
"vary_k",10000,14,"PELT",0.007000000000005,0.00750000000005003,0.933333333327775,10,10
"vary_k",10000,14,"SVP BIC",0.171500000000008,0.180500000000052,0.9501385041549,10,10
"vary_k",10000,14,"SVP BIC calibrated",0.171500000000008,0.181999999999903,0.942307692308241,10,10
"vary_k",10000,14,"SVP BIC multiscale",0.178500000000013,0.184500000000014,0.967479674796748,10,10
"vary_k",10000,15,"PELT",0.007000000000005,0.007000000000005,0.999999999999999,10,10
"vary_k",10000,15,"SVP BIC",0.162999999999982,0.170499999999947,0.956011730205473,10,10
"vary_k",10000,15,"SVP BIC calibrated",0.163499999999999,0.169000000000096,0.96745562130122,10,10
"vary_k",10000,15,"SVP BIC multiscale",0.169000000000012,0.171999999999969,0.98255813953513,10,10
"vary_k",10000,16,"PELT",0.00600000000002865,0.00700000000006185,0.857142857139377,10,10
"vary_k",10000,16,"SVP BIC",0.155499999999989,0.16149999999999,0.96284829721362,10,10
"vary_k",10000,16,"SVP BIC calibrated",0.154999999999972,0.160999999999945,0.962732919254816,10,10
"vary_k",10000,16,"SVP BIC multiscale",0.159999999999996,0.163999999999987,0.975609756097617,10,10
"vary_k",10000,17,"PELT",0.00600000000002865,0.00600000000002865,1,10,10
"vary_k",10000,17,"SVP BIC",0.146999999999991,0.15300000000002,0.960784313725306,10,10
"vary_k",10000,17,"SVP BIC calibrated",0.149000000000001,0.152999999999906,0.973856209150932,10,10
"vary_k",10000,17,"SVP BIC multiscale",0.15100000000001,0.156000000000006,0.967948717948745,10,10
"vary_k",10000,18,"PELT",0.00549999999998363,0.00600000000008549,0.916666666650877,10,10
"vary_k",10000,18,"SVP BIC",0.137999999999977,0.14549999999997,0.94845360824746,10,10
"vary_k",10000,18,"SVP BIC calibrated",0.138000000000006,0.144999999999982,0.951724137931191,10,10
"vary_k",10000,18,"SVP BIC multiscale",0.142999999999972,0.14549999999997,0.982817869415818,10,10
"vary_k",10000,19,"PELT",0.00599999999997181,0.00600000000008549,0.999999999981053,10,10
"vary_k",10000,19,"SVP BIC",0.131000000000029,0.138499999999908,0.945848375452101,10,10
"vary_k",10000,19,"SVP BIC calibrated",0.131,0.138999999999896,0.942446043166176,10,10
"vary_k",10000,19,"SVP BIC multiscale",0.135999999999996,0.141000000000076,0.964539007091647,10,10
"vary_k",10000,20,"PELT",0.00549999999998363,0.00599999999985812,0.916666666685614,10,10
"vary_k",10000,20,"SVP BIC",0.126500000000021,0.134999999999991,0.937037037037259,10,10
"vary_k",10000,20,"SVP BIC calibrated",0.125499999999988,0.134000000000015,0.93656716417891,10,10
"vary_k",10000,20,"SVP BIC multiscale",0.130000000000023,0.134500000000003,0.966542750929521,10,10
"vary_k",10000,21,"PELT",0.00499999999999545,0.00550000000009732,0.909090909073997,10,10
"vary_k",10000,21,"SVP BIC",0.120999999999981,0.131000000000085,0.92366412213666,10,10
"vary_k",10000,21,"SVP BIC calibrated",0.120499999999993,0.131000000000085,0.919847328243625,10,10
"vary_k",10000,21,"SVP BIC multiscale",0.124500000000012,0.132000000000062,0.943181818181466,10,10
"vary_k",10000,22,"PELT",0.00499999999999545,0.00499999999988177,1.00000000002274,10,10
"vary_k",10000,22,"SVP BIC",0.11650000000003,0.125999999999976,0.924603174603593,10,10
"vary_k",10000,22,"SVP BIC calibrated",0.117000000000019,0.12600000000009,0.928571428570916,10,10
"vary_k",10000,22,"SVP BIC multiscale",0.118999999999971,0.125499999999988,0.9482071713146,10,10
"vary_k",10000,23,"PELT",0.00499999999999545,0.00500000000010914,0.999999999977262,10,10
"vary_k",10000,23,"SVP BIC",0.112000000000023,0.118999999999915,0.941176470589101,10,10
"vary_k",10000,23,"SVP BIC calibrated",0.112000000000023,0.119500000000016,0.937238493723912,10,10
"vary_k",10000,23,"SVP BIC multiscale",0.115000000000009,0.119500000000017,0.962343096234252,10,10
"vary_k",10000,24,"PELT",0.00499999999999545,0.00499999999999546,0.999999999999999,10,10
"vary_k",10000,24,"SVP BIC",0.108000000000004,0.113500000000045,0.951541850219926,10,10
"vary_k",10000,24,"SVP BIC calibrated",0.108000000000004,0.112500000000068,0.959999999999455,10,10
"vary_k",10000,24,"SVP BIC multiscale",0.11099999999999,0.113500000000045,0.977973568281467,10,10
"vary_k",10000,25,"PELT",0.00450000000000728,0.00499999999988177,0.900000000022736,10,10
"vary_k",10000,25,"SVP BIC",0.104999999999989,0.110000000000014,0.954545454545242,10,10
"vary_k",10000,25,"SVP BIC calibrated",0.104999999999989,0.110499999999888,0.95022624434476,10,10
"vary_k",10000,25,"SVP BIC multiscale",0.107,0.110000000000014,0.972727272727149,10,10
"vary_k",10000,26,"PELT",0.00450000000000728,0.00499999999999546,0.900000000002273,10,10
"vary_k",10000,26,"SVP BIC",0.101499999999987,0.106499999999983,0.953051643192518,10,10
"vary_k",10000,26,"SVP BIC calibrated",0.100999999999999,0.105999999999995,0.952830188679281,10,10
"vary_k",10000,26,"SVP BIC multiscale",0.103999999999985,0.105999999999995,0.981132075471603,10,10
"vary_k",10000,27,"PELT",0.00450000000000728,0.00499999999999546,0.900000000002273,10,10
"vary_k",10000,27,"SVP BIC",0.0980000000000132,0.102000000000089,0.960784313724781,10,10
"vary_k",10000,27,"SVP BIC calibrated",0.0980000000000132,0.101999999999975,0.96078431372585,10,10
"vary_k",10000,27,"SVP BIC multiscale",0.0999999999999945,0.101500000000101,0.985221674875812,10,10
"vary_k",10000,28,"PELT",0.0040000000000191,0.00399999999990541,1.00000000002842,10,10
"vary_k",10000,28,"SVP BIC",0.0949999999999704,0.103999999999928,0.913461538461886,10,10
"vary_k",10000,28,"SVP BIC calibrated",0.0950000000000273,0.102499999999964,0.926829268293279,10,10
"vary_k",10000,28,"SVP BIC multiscale",0.0970000000000084,0.101999999999975,0.950980392157174,10,10
"vary_k",10000,29,"PELT",0.0040000000000191,0.00399999999990541,1.00000000002842,10,10
"vary_k",10000,29,"SVP BIC",0.0919999999999845,0.0994999999999208,0.924623115578469,10,10
"vary_k",10000,29,"SVP BIC calibrated",0.0919999999999845,0.099999999999909,0.920000000000682,10,10
"vary_k",10000,29,"SVP BIC multiscale",0.0939999999999941,0.0980000000001837,0.95918367346753,10,10
"vary_k",10000,30,"PELT",0.0040000000000191,0.0040000000000191,1,10,10
"vary_k",10000,30,"SVP BIC",0.0889999999999986,0.09699999999998,0.917525773196051,10,10
"vary_k",10000,30,"SVP BIC calibrated",0.089999999999975,0.09699999999998,0.927835051546325,10,10
"vary_k",10000,30,"SVP BIC multiscale",0.0919999999999845,0.0960000000000036,0.958333333333136,10,10
"vary_k",10000,31,"PELT",0.00399999999996226,0.0040000000000191,0.99999999998579,10,10
"vary_k",10000,31,"SVP BIC",0.0865000000000009,0.0914999999999964,0.945355191256878,10,10
"vary_k",10000,31,"SVP BIC calibrated",0.0865000000000009,0.09050000000002,0.955801104972174,10,10
"vary_k",10000,31,"SVP BIC multiscale",0.0889999999999986,0.0895000000000437,0.994413407820728,10,10
"vary_k",10000,32,"PELT",0.00399999999999068,0.00399999999990541,1.00000000002132,10,10
"vary_k",10000,32,"SVP BIC",0.0844999999999913,0.0884999999999536,0.954802259887408,10,10
"vary_k",10000,32,"SVP BIC calibrated",0.0840000000000032,0.0879999999999654,0.954545454545866,10,10
"vary_k",10000,32,"SVP BIC multiscale",0.0860000000000127,0.0869999999999891,0.988505747126707,10,10
"vary_k",10000,33,"PELT",0.0040000000000191,0.0040000000000191,1,10,10
"vary_k",10000,33,"SVP BIC",0.0824999999999818,0.085999999999899,0.95930232558231,10,10
"vary_k",10000,33,"SVP BIC calibrated",0.082000000000022,0.0860000000000127,0.953488372093139,10,10
"vary_k",10000,33,"SVP BIC multiscale",0.0840000000000032,0.0850000000000364,0.988235294117262,10,10
"vary_k",10000,34,"PELT",0.00399999999999068,0.00399999999990541,1.00000000002132,10,10
"vary_k",10000,34,"SVP BIC",0.0799999999999841,0.0834999999999582,0.958083832335619,10,10
"vary_k",10000,34,"SVP BIC calibrated",0.0800000000000125,0.0839999999998327,0.952380952382998,10,10
"vary_k",10000,34,"SVP BIC multiscale",0.0819999999999936,0.0830000000000837,0.987951807227842,10,10
"vary_k",10000,35,"PELT",0.00399999999999068,0.00300000000004274,1.33333333331123,10,10
"vary_k",10000,35,"SVP BIC",0.0780000000000314,0.08199999999988,0.951219512196897,10,10
"vary_k",10000,35,"SVP BIC calibrated",0.0779999999999745,0.08199999999988,0.951219512196203,10,10
"vary_k",10000,35,"SVP BIC multiscale",0.0799999999999841,0.081000000000131,0.987654320985861,10,10
"vary_k",10000,36,"PELT",0.00350000000003093,0.00399999999990541,0.875000000028423,10,10
"vary_k",10000,36,"SVP BIC",0.0760000000000218,0.0799999999999272,0.950000000001137,10,10
"vary_k",10000,36,"SVP BIC calibrated",0.0760000000000218,0.0790000000000646,0.962025316455185,10,10
"vary_k",10000,36,"SVP BIC multiscale",0.078000000000003,0.0779999999999745,1.00000000000036,10,10
"vary_k",10000,37,"PELT",0.00399999999996226,0.00350000000003092,1.14285714283626,10,10
"vary_k",10000,37,"SVP BIC",0.0769999999999982,0.0804999999999154,0.956521739131417,10,10
"vary_k",10000,37,"SVP BIC calibrated",0.0759999999999934,0.0819999999999936,0.926829268292674,10,10
"vary_k",10000,37,"SVP BIC multiscale",0.0780000000000314,0.0815000000000055,0.957055214724247,10,10
"vary_k",10000,38,"PELT",0.00399999999996226,0.00399999999990541,1.00000000001421,10,10
"vary_k",10000,38,"SVP BIC",0.0749999999999886,0.0760000000000218,0.986842105262725,10,10
"vary_k",10000,38,"SVP BIC calibrated",0.0740000000000123,0.0804999999999154,0.919254658386212,10,10
"vary_k",10000,38,"SVP BIC multiscale",0.075999999999965,0.0804999999999154,0.944099378882545,10,10
"vary_k",10000,39,"PELT",0.00300000000001432,0.00299999999992906,1.00000000002842,10,10
"vary_k",10000,39,"SVP BIC",0.0729999999999791,0.0795000000000528,0.91823899370982,10,10
"vary_k",10000,39,"SVP BIC calibrated",0.0730000000000359,0.0790000000000646,0.924050632911091,10,10
"vary_k",10000,39,"SVP BIC multiscale",0.0740000000000123,0.0779999999999745,0.948717948718417,10,10
"vary_k",10000,40,"PELT",0.00300000000004275,0.00299999999992906,1.0000000000379,10,10
"vary_k",10000,40,"SVP BIC",0.0715000000000146,0.0785000000000764,0.910828025477006,10,10
"vary_k",10000,40,"SVP BIC calibrated",0.0720000000000027,0.0785000000000764,0.917197452228441,10,10
"vary_k",10000,40,"SVP BIC multiscale",0.0730000000000359,0.0779999999999745,0.935897435898202,10,10
"vary_k",10000,41,"PELT",0.0029999999999859,0.00299999999992906,1.00000000001895,10,10
"vary_k",10000,41,"SVP BIC",0.0710000000000264,0.07650000000001,0.928104575163622,10,10
"vary_k",10000,41,"SVP BIC calibrated",0.070999999999998,0.0760000000000218,0.934210526315495,10,10
"vary_k",10000,41,"SVP BIC multiscale",0.0739999999999839,0.0750000000000455,0.986666666665853,10,10
"vary_k",10000,42,"PELT",0.0029999999999859,0.00300000000004274,0.999999999981052,10,10
"vary_k",10000,42,"SVP BIC",0.0690000000000168,0.0740000000000691,0.932432432431789,10,10
"vary_k",10000,42,"SVP BIC calibrated",0.0679999999999836,0.0740000000000691,0.918918918917839,10,10
"vary_k",10000,42,"SVP BIC multiscale",0.0700000000000216,0.0720000000001164,0.97222222222095,10,10
"vary_k",10000,43,"PELT",0.0029999999999859,0.00300000000004274,0.999999999981052,10,10
"vary_k",10000,43,"SVP BIC",0.0660000000000309,0.0724999999999909,0.910344827586747,10,10
"vary_k",10000,43,"SVP BIC calibrated",0.0660000000000025,0.0730000000000928,0.904109589039981,10,10
"vary_k",10000,43,"SVP BIC multiscale",0.0670000000000073,0.0710000000001401,0.943661971829227,10,10
"vary_k",10000,44,"PELT",0.00300000000001432,0.00299999999992906,1.00000000002842,10,10
"vary_k",10000,44,"SVP BIC",0.0645000000000095,0.0670000000000073,0.962686567164217,10,10
"vary_k",10000,44,"SVP BIC calibrated",0.0649999999999977,0.0670000000000073,0.970149253731203,10,10
"vary_k",10000,44,"SVP BIC multiscale",0.0660000000000025,0.0650000000000546,1.0153846153838,10,10
"vary_k",10000,45,"PELT",0.00300000000001432,0.00299999999992906,1.00000000002842,10,10
"vary_k",10000,45,"SVP BIC",0.0629999999999882,0.0660000000000309,0.954545454544829,10,10
"vary_k",10000,45,"SVP BIC calibrated",0.0629999999999882,0.0660000000000309,0.954545454544829,10,10
"vary_k",10000,45,"SVP BIC multiscale",0.0649999999999977,0.0640000000000782,1.01562499999872,10,10
"vary_k",10000,46,"PELT",0.0029999999999859,0.00300000000015643,0.999999999943157,10,10
"vary_k",10000,46,"SVP BIC",0.0620000000000118,0.0640000000000782,0.968749999999001,10,10
"vary_k",10000,46,"SVP BIC calibrated",0.0620000000000118,0.0640000000000782,0.968749999999001,10,10
"vary_k",10000,46,"SVP BIC multiscale",0.0635000000000047,0.0625000000001137,1.01599999999823,10,10
"vary_k",10000,47,"PELT",0.00300000000004275,0.00300000000015643,0.999999999962107,10,10
"vary_k",10000,47,"SVP BIC",0.061000000000007,0.0629999999999882,0.968253968254261,10,10
"vary_k",10000,47,"SVP BIC calibrated",0.0609999999999786,0.0630000000001019,0.968253968252062,10,10
"vary_k",10000,47,"SVP BIC multiscale",0.0629999999999882,0.0615000000000236,1.02439024390185,10,10
"vary_k",10000,48,"PELT",0.0029999999999859,0.00299999999992906,1.00000000001895,10,10
"vary_k",10000,48,"SVP BIC",0.0600000000000023,0.0620000000001255,0.967741935481949,10,10
"vary_k",10000,48,"SVP BIC calibrated",0.0600000000000023,0.0619999999998981,0.967741935485499,10,10
"vary_k",10000,48,"SVP BIC multiscale",0.0609999999999786,0.0599999999999454,1.01666666666724,10,10
"vary_k",10000,49,"PELT",0.0029999999999859,0.00299999999992906,1.00000000001895,10,10
"vary_k",10000,49,"SVP BIC",0.0590000000000259,0.0609999999999218,0.967213114755763,10,10
"vary_k",10000,49,"SVP BIC calibrated",0.0590000000000259,0.0610000000000355,0.96721311475396,10,10
"vary_k",10000,49,"SVP BIC multiscale",0.0609999999999786,0.0579999999999927,1.0517241379308,10,10
"vary_k",10000,50,"PELT",0.0029999999999859,0.00300000000004274,0.999999999981052,10,10
"vary_k",10000,50,"SVP BIC",0.0579999999999927,0.0589999999999691,0.983050847458018,10,10
"vary_k",10000,50,"SVP BIC calibrated",0.0579999999999927,0.0599999999999454,0.966666666667425,10,10
"vary_k",10000,50,"SVP BIC multiscale",0.0595000000000141,0.0575000000000045,1.03478260869582,10,10
"vary_k",10000,51,"PELT",0.0029999999999859,0.00299999999992906,1.00000000001895,10,10
"vary_k",10000,51,"SVP BIC",0.0570000000000164,0.0589999999999691,0.966101694916038,10,10
"vary_k",10000,51,"SVP BIC calibrated",0.0569999999999595,0.0589999999999691,0.966101694915074,10,10
"vary_k",10000,51,"SVP BIC multiscale",0.0580000000000212,0.0575000000000045,1.0086956521742,10,10
"vary_k",10000,52,"PELT",0.0029999999999859,0.00299999999992906,1.00000000001895,10,10
"vary_k",10000,52,"SVP BIC",0.0559999999999832,0.0579999999999927,0.965517241379142,10,10
"vary_k",10000,52,"SVP BIC calibrated",0.0560000000000116,0.0584999999999809,0.957264957265468,10,10
"vary_k",10000,52,"SVP BIC multiscale",0.0570000000000164,0.0565000000000282,1.00884955752191,10,10
"vary_k",10000,53,"PELT",0.0029999999999859,0.00299999999992906,1.00000000001895,10,10
"vary_k",10000,53,"SVP BIC",0.0550000000000068,0.0570000000000164,0.964912280701596,10,10
"vary_k",10000,53,"SVP BIC calibrated",0.0550000000000068,0.0575000000000045,0.956521739130477,10,10
"vary_k",10000,53,"SVP BIC multiscale",0.056999999999988,0.0550000000000637,1.03636363636222,10,10
"vary_k",10000,54,"PELT",0.00249999999999772,0.00299999999992906,0.83333333335228,10,10
"vary_k",10000,54,"SVP BIC",0.0540000000000305,0.05600000000004,0.96428571428557,10,10
"vary_k",10000,54,"SVP BIC calibrated",0.0545000000000187,0.05600000000004,0.973214285713924,10,10
"vary_k",10000,54,"SVP BIC multiscale",0.0559999999999832,0.0539999999999736,1.03703703703723,10,10
"vary_k",10000,55,"PELT",0.0029999999999859,0.00299999999992906,1.00000000001895,10,10
"vary_k",10000,55,"SVP BIC",0.0530000000000257,0.05600000000004,0.946428571428354,10,10
"vary_k",10000,55,"SVP BIC calibrated",0.0529999999999973,0.0550000000000637,0.963636363635198,10,10
"vary_k",10000,55,"SVP BIC multiscale",0.0549999999999784,0.0529999999999973,1.03773584905625,10,10
"vary_k",10000,56,"PELT",0.00249999999999772,0.00299999999992906,0.83333333335228,10,10
"vary_k",10000,56,"SVP BIC",0.0529999999999973,0.0549999999998363,0.963636363639183,10,10
"vary_k",10000,56,"SVP BIC calibrated",0.0529999999999973,0.05499999999995,0.963636363637191,10,10
"vary_k",10000,56,"SVP BIC multiscale",0.054000000000002,0.053000000000111,1.01886792452621,10,10
"vary_k",10000,57,"PELT",0.0029999999999859,0.00299999999992906,1.00000000001895,10,10
"vary_k",10000,57,"SVP BIC",0.0519999999999641,0.0539999999999736,0.962962962962769,10,10
"vary_k",10000,57,"SVP BIC calibrated",0.0519999999999925,0.0550000000000637,0.945454545453314,10,10
"vary_k",10000,57,"SVP BIC multiscale",0.0529999999999973,0.0534999999999854,0.990654205607696,10,10
"vary_k",10000,58,"PELT",0.0029999999999859,0.00299999999992906,1.00000000001895,10,10
"vary_k",10000,58,"SVP BIC",0.0509999999999877,0.0525000000000091,0.971428571428169,10,10
"vary_k",10000,58,"SVP BIC calibrated",0.0509999999999877,0.0529999999998836,0.962264150945278,10,10
"vary_k",10000,58,"SVP BIC multiscale",0.0520000000000209,0.0509999999999309,1.01960784313905,10,10
"vary_k",10000,59,"PELT",0.0029999999999859,0.00299999999992906,1.00000000001895,10,10
"vary_k",10000,59,"SVP BIC",0.0500000000000114,0.0529999999998836,0.943396226417381,10,10
"vary_k",10000,59,"SVP BIC calibrated",0.0500000000000114,0.053000000000111,0.943396226413334,10,10
"vary_k",10000,59,"SVP BIC multiscale",0.0519999999999641,0.0519999999999072,1.00000000000109,10,10
"vary_k",10000,60,"PELT",0.0029999999999859,0.00200000000018008,1.49999999985789,10,10
"vary_k",10000,60,"SVP BIC",0.0500000000000114,0.0519999999999072,0.961538461540397,10,10
"vary_k",10000,60,"SVP BIC calibrated",0.0500000000000114,0.0520000000000209,0.961538461538294,10,10
"vary_k",10000,60,"SVP BIC multiscale",0.0509999999999877,0.0509999999999309,1.00000000000111,10,10
"vary_k",10000,61,"PELT",0.0029999999999859,0.00200000000018008,1.49999999985789,10,10
"vary_k",10000,61,"SVP BIC",0.0489999999999782,0.0509999999999309,0.960784313726365,10,10
"vary_k",10000,61,"SVP BIC calibrated",0.0490000000000066,0.0510000000000446,0.96078431372478,10,10
"vary_k",10000,61,"SVP BIC multiscale",0.0500000000000114,0.0489999999999782,1.02040816326599,10,10
"vary_k",10000,62,"PELT",0.00249999999999772,0.00199999999995271,1.25000000002842,10,10
"vary_k",10000,62,"SVP BIC",0.04849999999999,0.0500000000001819,0.969999999996271,10,10
"vary_k",10000,62,"SVP BIC calibrated",0.049000000000035,0.0499999999999545,0.980000000001592,10,10
"vary_k",10000,62,"SVP BIC multiscale",0.0499999999999545,0.0489999999999782,1.02040816326483,10,10
"vary_k",10000,63,"PELT",0.00249999999999772,0.00299999999992906,0.83333333335228,10,10
"vary_k",10000,63,"SVP BIC",0.0475000000000136,0.0500000000000682,0.949999999998977,10,10
"vary_k",10000,63,"SVP BIC calibrated",0.0480000000000018,0.0500000000000682,0.959999999998727,10,10
"vary_k",10000,63,"SVP BIC multiscale",0.0489999999999782,0.0489999999999782,1,10,10
"vary_k",10000,64,"PELT",0.00249999999999772,0.00299999999992906,0.83333333335228,10,10
"vary_k",10000,64,"SVP BIC",0.0474999999999852,0.0499999999999545,0.95000000000057,10,10
"vary_k",10000,64,"SVP BIC calibrated",0.0470000000000255,0.0499999999999545,0.940000000001365,10,10
"vary_k",10000,64,"SVP BIC multiscale",0.0480000000000018,0.0489999999999782,0.979591836735166,10,10
"vary_k",10000,65,"PELT",0.00200000000000955,0.0020000000000664,0.999999999971578,10,10
"vary_k",10000,65,"SVP BIC",0.0470000000000255,0.0489999999999782,0.959183673470335,10,10
"vary_k",10000,65,"SVP BIC calibrated",0.0470000000000255,0.04849999999999,0.969072164949179,10,10
"vary_k",10000,65,"SVP BIC multiscale",0.0480000000000018,0.0470000000000255,1.02127659574416,10,10
"vary_k",10000,66,"PELT",0.0029999999999859,0.00250000000005457,1.19999999996817,10,10
"vary_k",10000,66,"SVP BIC",0.0459999999999923,0.0480000000000018,0.958333333333137,10,10
"vary_k",10000,66,"SVP BIC calibrated",0.0459999999999923,0.04849999999999,0.94845360824746,10,10
"vary_k",10000,66,"SVP BIC multiscale",0.0470000000000255,0.0470000000000255,1,10,10
"vary_k",10000,67,"PELT",0.00200000000000955,0.0020000000000664,0.999999999971578,10,10
"vary_k",10000,67,"SVP BIC",0.0459999999999923,0.0480000000000018,0.958333333333137,10,10
"vary_k",10000,67,"SVP BIC calibrated",0.0459999999999923,0.0480000000000018,0.958333333333137,10,10
"vary_k",10000,67,"SVP BIC multiscale",0.0470000000000255,0.0464999999999236,1.01075268817425,10,10
"vary_k",10000,68,"PELT",0.0029999999999859,0.00199999999995271,1.50000000002842,10,10
"vary_k",10000,68,"SVP BIC",0.0450000000000159,0.0470000000000255,0.957446808510457,10,10
"vary_k",10000,68,"SVP BIC calibrated",0.0450000000000159,0.0464999999999236,0.967741935485803,10,10
"vary_k",10000,68,"SVP BIC multiscale",0.0460000000000207,0.0450000000000728,1.02222222222103,10,10
"vary_k",10000,69,"PELT",0.0029999999999859,0.00200000000018008,1.49999999985789,10,10
"vary_k",10000,69,"SVP BIC",0.0450000000000159,0.0459999999999354,0.978260869566937,10,10
"vary_k",10000,69,"SVP BIC calibrated",0.0440000000000396,0.0459999999999354,0.956521739132639,10,10
"vary_k",10000,69,"SVP BIC multiscale",0.0459999999999923,0.0440000000000964,1.04545454545208,10,10
"vary_k",10000,70,"PELT",0.00249999999999772,0.0020000000000664,1.24999999995737,10,10
"vary_k",10000,70,"SVP BIC",0.0440000000000111,0.0450000000000728,0.977777777776444,10,10
"vary_k",10000,70,"SVP BIC calibrated",0.0439999999999827,0.0450000000000728,0.977777777775811,10,10
"vary_k",10000,70,"SVP BIC multiscale",0.0450000000000159,0.0430000000001201,1.04651162790442,10,10
"vary_k",10000,71,"PELT",0.00249999999999772,0.00249999999994089,1.00000000002274,10,10
"vary_k",10000,71,"SVP BIC",0.0439999999999827,0.0450000000000728,0.977777777775811,10,10
"vary_k",10000,71,"SVP BIC calibrated",0.0440000000000111,0.0449999999999591,0.977777777778914,10,10
"vary_k",10000,71,"SVP BIC multiscale",0.0449999999999875,0.0429999999998927,1.0465116279093,10,10
"vary_k",10000,72,"PELT",0.00200000000000955,0.00249999999994089,0.800000000022737,10,10
"vary_k",10000,72,"SVP BIC",0.0430000000000064,0.0440000000000964,0.977272727270732,10,10
"vary_k",10000,72,"SVP BIC calibrated",0.0430000000000064,0.0444999999999709,0.966292134832237,10,10
"vary_k",10000,72,"SVP BIC multiscale",0.0440000000000396,0.0425000000000182,1.03529411764755,10,10
"vary_k",10000,73,"PELT",0.00200000000000955,0.0020000000000664,0.999999999971578,10,10
"vary_k",10000,73,"SVP BIC",0.042999999999978,0.0434999999999945,0.988505747126054,10,10
"vary_k",10000,73,"SVP BIC calibrated",0.04200000000003,0.0430000000001201,0.976744186044481,10,10
"vary_k",10000,73,"SVP BIC multiscale",0.0439999999999827,0.0410000000000536,1.07317073170549,10,10
"vary_k",10000,74,"PELT",0.00200000000000955,0.00200000000018008,0.999999999914735,10,10
"vary_k",10000,74,"SVP BIC",0.0425000000000182,0.0430000000000064,0.988372093023532,10,10
"vary_k",10000,74,"SVP BIC calibrated",0.0419999999999732,0.0429999999998927,0.976744186048326,10,10
"vary_k",10000,74,"SVP BIC multiscale",0.0430000000000064,0.04099999999994,1.04878048780657,10,10
"vary_k",10000,75,"PELT",0.00200000000000955,0.00199999999995271,1.00000000002842,10,10
"vary_k",10000,75,"SVP BIC",0.0419999999999732,0.0430000000001201,0.97674418604316,10,10
"vary_k",10000,75,"SVP BIC calibrated",0.0419999999999732,0.0430000000000064,0.976744186045743,10,10
"vary_k",10000,75,"SVP BIC multiscale",0.0430000000000064,0.04099999999994,1.04878048780657,10,10
"vary_k",10000,76,"PELT",0.00200000000000955,0.00199999999995271,1.00000000002842,10,10
"vary_k",10000,76,"SVP BIC",0.041499999999985,0.0420000000001437,0.9880952380915,10,10
"vary_k",10000,76,"SVP BIC calibrated",0.0420000000000016,0.0429999999998927,0.976744186048986,10,10
"vary_k",10000,76,"SVP BIC multiscale",0.0430000000000064,0.04099999999994,1.04878048780657,10,10
"vary_k",10000,77,"PELT",0.00249999999999772,0.00200000000018008,1.24999999988631,10,10
"vary_k",10000,77,"SVP BIC",0.0409999999999968,0.0419999999999163,0.976190476192346,10,10
"vary_k",10000,77,"SVP BIC calibrated",0.0409999999999968,0.0419999999999163,0.976190476192346,10,10
"vary_k",10000,77,"SVP BIC multiscale",0.0420000000000016,0.0399999999999636,1.050000000001,10,10
"vary_k",10000,78,"PELT",0.00200000000000955,0.00200000000018008,0.999999999914735,10,10
"vary_k",10000,78,"SVP BIC",0.0405000000000087,0.0410000000000536,0.987804878047699,10,10
"vary_k",10000,78,"SVP BIC calibrated",0.0409999999999968,0.0410000000000536,0.999999999998614,10,10
"vary_k",10000,78,"SVP BIC multiscale",0.0419999999999732,0.0399999999999636,1.05000000000029,10,10
"vary_k",10000,79,"PELT",0.00200000000000955,0.00199999999995271,1.00000000002842,10,10
"vary_k",10000,79,"SVP BIC",0.0409999999999968,0.04099999999994,1.00000000000139,10,10
"vary_k",10000,79,"SVP BIC calibrated",0.0405000000000087,0.0410000000000536,0.987804878047699,10,10
"vary_k",10000,79,"SVP BIC multiscale",0.0409999999999968,0.0389999999999873,1.05128205128231,10,10
"vary_k",10000,80,"PELT",0.00200000000000955,0.00199999999995271,1.00000000002842,10,10
"vary_k",10000,80,"SVP BIC",0.0400000000000205,0.0410000000001673,0.97560975609408,10,10
"vary_k",10000,80,"SVP BIC calibrated",0.0405000000000087,0.0410000000000536,0.987804878047699,10,10
"vary_k",10000,80,"SVP BIC multiscale",0.0409999999999968,0.0399999999999636,1.02500000000085,10,10
"vary_k",10000,81,"PELT",0.00200000000000955,0.00199999999995271,1.00000000002842,10,10
"vary_k",10000,81,"SVP BIC",0.0394999999999755,0.04099999999994,0.963414634147153,10,10
"vary_k",10000,81,"SVP BIC calibrated",0.0389999999999873,0.0404999999999518,0.962962962963796,10,10
"vary_k",10000,81,"SVP BIC multiscale",0.0400000000000205,0.0389999999999873,1.02564102564189,10,10
"vary_k",10000,82,"PELT",0.00200000000000955,0.00199999999995271,1.00000000002842,10,10
"vary_k",10000,82,"SVP BIC",0.0390000000000441,0.0400000000000773,0.974999999999218,10,10
"vary_k",10000,82,"SVP BIC calibrated",0.0389999999999873,0.0399999999999636,0.97500000000057,10,10
"vary_k",10000,82,"SVP BIC multiscale",0.0400000000000205,0.0389999999999873,1.02564102564189,10,10
"vary_k",10000,83,"PELT",0.00200000000000955,0.00199999999995271,1.00000000002842,10,10
"vary_k",10000,83,"SVP BIC",0.0389999999999873,0.0400000000000773,0.974999999997798,10,10
"vary_k",10000,83,"SVP BIC calibrated",0.0389999999999873,0.0399999999999636,0.97500000000057,10,10
"vary_k",10000,83,"SVP BIC multiscale",0.0400000000000205,0.0389999999999873,1.02564102564189,10,10
"vary_k",10000,84,"PELT",0.00200000000000955,0.00199999999995271,1.00000000002842,10,10
"vary_k",10000,84,"SVP BIC",0.0380000000000109,0.0399999999999636,0.950000000001137,10,10
"vary_k",10000,84,"SVP BIC calibrated",0.0380000000000109,0.0399999999999636,0.950000000001137,10,10
"vary_k",10000,84,"SVP BIC multiscale",0.0394999999999755,0.0380000000000109,1.03947368420958,10,10
"vary_k",10000,85,"PELT",0.00200000000000955,0.00199999999995271,1.00000000002842,10,10
"vary_k",10000,85,"SVP BIC",0.0380000000000109,0.0389999999999873,0.974358974359571,10,10
"vary_k",10000,85,"SVP BIC calibrated",0.0380000000000109,0.0389999999999873,0.974358974359571,10,10
"vary_k",10000,85,"SVP BIC multiscale",0.0389999999999873,0.0370000000000346,1.05405405405273,10,10
"vary_k",10000,86,"PELT",0.00200000000000955,0.00199999999995271,1.00000000002842,10,10
"vary_k",10000,86,"SVP BIC",0.0380000000000109,0.0380000000000109,1,10,10
"vary_k",10000,86,"SVP BIC calibrated",0.0380000000000109,0.0384999999999991,0.987012987013293,10,10
"vary_k",10000,86,"SVP BIC multiscale",0.0389999999999873,0.0370000000000346,1.05405405405273,10,10
"vary_k",10000,87,"PELT",0.00200000000000955,0.00199999999995271,1.00000000002842,10,10
"vary_k",10000,87,"SVP BIC",0.0374999999999944,0.0389999999999873,0.96153846153863,10,10
"vary_k",10000,87,"SVP BIC calibrated",0.0375000000000228,0.0384999999999991,0.974025974026588,10,10
"vary_k",10000,87,"SVP BIC multiscale",0.0380000000000109,0.0364999999999327,1.04109589041318,10,10
"vary_k",10000,88,"PELT",0.00200000000000955,0.00199999999995271,1.00000000002842,10,10
"vary_k",10000,88,"SVP BIC",0.0370000000000346,0.0375000000000228,0.986666666666991,10,10
"vary_k",10000,88,"SVP BIC calibrated",0.0369999999999777,0.0380000000000109,0.97368421052545,10,10
"vary_k",10000,88,"SVP BIC multiscale",0.0380000000000109,0.0359999999999445,1.05555555555749,10,10
"vary_k",10000,89,"PELT",0.00200000000000955,0.00199999999995271,1.00000000002842,10,10
"vary_k",10000,89,"SVP BIC",0.0369999999999777,0.0380000000000109,0.97368421052545,10,10
"vary_k",10000,89,"SVP BIC calibrated",0.0369999999999777,0.0380000000000109,0.97368421052545,10,10
"vary_k",10000,89,"SVP BIC multiscale",0.0380000000000109,0.0360000000000582,1.05555555555415,10,10
"vary_k",10000,90,"PELT",0.00199999999995271,0.00199999999995271,1,10,10
"vary_k",10000,90,"SVP BIC",0.0369999999999209,0.0370000000000346,0.999999999996927,10,10
"vary_k",10000,90,"SVP BIC calibrated",0.0364999999999896,0.0370000000000346,0.986486486485282,10,10
"vary_k",10000,90,"SVP BIC multiscale",0.037999999999954,0.0359999999999445,1.05555555555591,10,10
"vary_k",10000,91,"PELT",0.00200000000006639,0.00199999999995271,1.00000000005684,10,10
"vary_k",10000,91,"SVP BIC",0.0360000000000582,0.0370000000000346,0.972972972973636,10,10
"vary_k",10000,91,"SVP BIC calibrated",0.0360000000000582,0.0370000000000346,0.972972972973636,10,10
"vary_k",10000,91,"SVP BIC multiscale",0.0370000000000346,0.0350000000000819,1.05714285714137,10,10
"vary_k",10000,92,"PELT",0.00200000000000955,0.00199999999995271,1.00000000002842,10,10
"vary_k",10000,92,"SVP BIC",0.0364999999999896,0.0369999999999209,0.986486486488313,10,10
"vary_k",10000,92,"SVP BIC calibrated",0.0360000000000582,0.0369999999999209,0.972972972976626,10,10
"vary_k",10000,92,"SVP BIC multiscale",0.0370000000000346,0.0359999999999445,1.02777777778032,10,10
"vary_k",10000,93,"PELT",0.00200000000000955,0.00199999999995271,1.00000000002842,10,10
"vary_k",10000,93,"SVP BIC",0.0359999999999445,0.0369999999998072,0.972972972976543,10,10
"vary_k",10000,93,"SVP BIC calibrated",0.0359999999999445,0.0370000000000346,0.972972972970563,10,10
"vary_k",10000,93,"SVP BIC multiscale",0.0369999999999209,0.0350000000000819,1.05714285713812,10,10
"vary_k",10000,94,"PELT",0.00200000000000955,0.00199999999995271,1.00000000002842,10,10
"vary_k",10000,94,"SVP BIC",0.035000000000025,0.0370000000000346,0.945945945945738,10,10
"vary_k",10000,94,"SVP BIC calibrated",0.0355000000000132,0.0370000000000346,0.959459459458919,10,10
"vary_k",10000,94,"SVP BIC multiscale",0.0360000000000014,0.0350000000000819,1.02857142856906,10,10
"vary_k",10000,95,"PELT",0.00200000000000955,0.00199999999995271,1.00000000002842,10,10
"vary_k",10000,95,"SVP BIC",0.0349999999999682,0.0360000000000582,0.972222222219767,10,10
"vary_k",10000,95,"SVP BIC calibrated",0.0349999999999682,0.0365000000000464,0.958904109586951,10,10
"vary_k",10000,95,"SVP BIC multiscale",0.0360000000000014,0.0349999999998545,1.02857142857574,10,10
"vary_k",10000,96,"PELT",0.00199999999995271,0.0020000000000664,0.999999999943158,10,10
"vary_k",10000,96,"SVP BIC",0.0349999999999682,0.0369999999999209,0.945945945947109,10,10
"vary_k",10000,96,"SVP BIC calibrated",0.0349999999999682,0.0360000000000582,0.972222222219767,10,10
"vary_k",10000,96,"SVP BIC multiscale",0.0359999999999445,0.0350000000000819,1.02857142856744,10,10
"vary_k",10000,97,"PELT",0.00200000000000955,0.00199999999995271,1.00000000002842,10,10
"vary_k",10000,97,"SVP BIC",0.0349999999999682,0.0359999999999445,0.972222222222838,10,10
"vary_k",10000,97,"SVP BIC calibrated",0.035000000000025,0.0350000000000819,0.999999999998376,10,10
"vary_k",10000,97,"SVP BIC multiscale",0.0359999999999445,0.0349999999998545,1.02857142857412,10,10
"vary_k",10000,98,"PELT",0.00199999999995271,0.00199999999995271,1,10,10
"vary_k",10000,98,"SVP BIC",0.0349999999999682,0.0349999999999682,1,10,10
"vary_k",10000,98,"SVP BIC calibrated",0.0339999999999918,0.0349999999998545,0.971428571432375,10,10
"vary_k",10000,98,"SVP BIC multiscale",0.0349999999999682,0.0335000000001173,1.04477611939838,10,10
"vary_k",10000,99,"PELT",0.00199999999995271,0.00199999999995271,1,10,10
"vary_k",10000,99,"SVP BIC",0.0339999999999918,0.0350000000000819,0.971428571426064,10,10
"vary_k",10000,99,"SVP BIC calibrated",0.0339999999999918,0.0350000000000819,0.971428571426064,10,10
"vary_k",10000,99,"SVP BIC multiscale",0.0349999999999682,0.0340000000001055,1.02941176470175,10,10
"vary_k",10000,100,"PELT",0.00199999999995271,0.00199999999995271,1,10,10
"vary_k",10000,100,"SVP BIC",0.0339999999999918,0.0350000000000819,0.971428571426064,10,10
"vary_k",10000,100,"SVP BIC calibrated",0.0339999999999918,0.0349999999998545,0.971428571432375,10,10
"vary_k",10000,100,"SVP BIC multiscale",0.0349999999999682,0.0330000000001291,1.06060606060095,10,10
"vary_n",256,0,"PELT",0.00099999999999989,0.00099999999999989,1,20,20
"vary_n",256,0,"SVP BIC",0,0.00099999999999989,NA,20,20
"vary_n",256,0,"SVP BIC calibrated",0,0.00100000000000011,NA,20,20
"vary_n",256,0,"SVP BIC multiscale",0,0.002,NA,15,20
"vary_n",319,0,"PELT",0.00100000000000033,0,NA,20,20
"vary_n",319,0,"SVP BIC",0,0,NA,20,20
"vary_n",319,0,"SVP BIC calibrated",0.000999999999999446,0,NA,20,20
"vary_n",319,0,"SVP BIC multiscale",0,0.00300000000000011,NA,16,20
"vary_n",397,0,"PELT",0.000999999999999888,0.000499999999999723,2.00000000000088,20,20
"vary_n",397,0,"SVP BIC",0.000999999999999446,0.000999999999999446,1,20,20
"vary_n",397,0,"SVP BIC calibrated",0,0,NA,20,20
"vary_n",397,0,"SVP BIC multiscale",0,0.00400000000000045,NA,11,20
"vary_n",494,0,"PELT",0.000999999999999446,0.000999999999999446,1,20,20
"vary_n",494,0,"SVP BIC",0.000999999999999446,0.000999999999999446,1,20,20
"vary_n",494,0,"SVP BIC calibrated",0.000999999999999446,0.000999999999999446,1,20,20
"vary_n",494,0,"SVP BIC multiscale",0,0.00699999999999967,NA,16,20
"vary_n",614,0,"PELT",0.000999999999999446,0.000999999999999446,1,20,20
"vary_n",614,0,"SVP BIC",0.000999999999999446,0.000999999999999446,1,20,20
"vary_n",614,0,"SVP BIC calibrated",0.000999999999999446,0.000999999999999446,1,20,20
"vary_n",614,0,"SVP BIC multiscale",0,0.00999999999999979,NA,17,20
"vary_n",765,0,"PELT",0.000999999999999446,0.00100000000000033,0.999999999999113,20,20
"vary_n",765,0,"SVP BIC",0.00100000000000122,0.000999999999999446,1.00000000000177,20,20
"vary_n",765,0,"SVP BIC calibrated",0.00100000000000033,0.000999999999999446,1.00000000000089,20,20
"vary_n",765,0,"SVP BIC multiscale",0,0.016,NA,14,20
"vary_n",952,0,"PELT",0.00100000000000122,0.00100000000000122,1,20,20
"vary_n",952,0,"SVP BIC",0.00100000000000122,0.00100000000000122,1,20,20
"vary_n",952,0,"SVP BIC calibrated",0.00100000000000122,0.00100000000000122,1,20,20
"vary_n",952,0,"SVP BIC multiscale",0,0.0240000000000009,NA,15,20
"vary_n",1185,0,"PELT",0.00199999999999889,0.00199999999999889,1,20,20
"vary_n",1185,0,"SVP BIC",0.00100000000000122,0.00100000000000122,1,20,20
"vary_n",1185,0,"SVP BIC calibrated",0.00199999999999889,0.00199999999999889,1,20,20
"vary_n",1185,0,"SVP BIC multiscale",0,0.0380000000000003,NA,16,20
"vary_n",1475,0,"PELT",0.00200000000000244,0.00200000000000066,1.00000000000089,20,20
"vary_n",1475,0,"SVP BIC",0.00199999999999889,0.00199999999999889,1,20,20
"vary_n",1475,0,"SVP BIC calibrated",0.00199999999999889,0.00199999999999889,1,20,20
"vary_n",1475,0,"SVP BIC multiscale",0,0.059000000000001,NA,17,20
"vary_n",1836,0,"PELT",0.00300000000000011,0.00300000000000011,1,20,20
"vary_n",1836,0,"SVP BIC",0.00200000000000244,0.00199999999999889,1.00000000000178,20,20
"vary_n",1836,0,"SVP BIC calibrated",0.00200000000000244,0.00199999999999889,1.00000000000178,20,20
"vary_n",1836,0,"SVP BIC multiscale",0,0.0899999999999999,NA,19,20
"vary_n",2285,0,"PELT",0.00450000000000017,0.0044999999999984,1.00000000000039,20,20
"vary_n",2285,0,"SVP BIC",0.00300000000000011,0.00300000000000011,1,20,20
"vary_n",2285,0,"SVP BIC calibrated",0.00300000000000011,0.00300000000000011,1,20,20
"vary_n",2285,0,"SVP BIC multiscale",0.000499999999998834,0.139999999999997,0.00357142857142032,17,20
"vary_n",2844,0,"PELT",0.0069999999999979,0.0069999999999979,1,20,20
"vary_n",2844,0,"SVP BIC",0.00399999999999778,0.00349999999999894,1.14285714285685,20,20
"vary_n",2844,0,"SVP BIC calibrated",0.00399999999999956,0.00399999999999778,1.00000000000044,20,20
"vary_n",2844,0,"SVP BIC multiscale",0.000999999999997669,0.216000000000001,0.00462962962961882,15,20
"vary_n",3540,0,"PELT",0.00999999999999801,0.00999999999999801,1,20,20
"vary_n",3540,0,"SVP BIC",0.00499999999999545,0.00400000000000489,1.24999999999733,20,20
"vary_n",3540,0,"SVP BIC calibrated",0.00499999999999545,0.00400000000000489,1.24999999999733,20,20
"vary_n",3540,0,"SVP BIC multiscale",0,0.344000000000001,NA,17,20
"vary_n",4406,0,"PELT",0.0120000000000005,0.0124999999999993,0.960000000000094,20,20
"vary_n",4406,0,"SVP BIC",0.00500000000000256,0.00600000000000023,0.833333333333728,20,20
"vary_n",4406,0,"SVP BIC calibrated",0.00600000000000023,0.00600000000000023,1,20,20
"vary_n",4406,0,"SVP BIC multiscale",0.000499999999998834,0.540999999999997,0.000924214417742767,17,20
"vary_n",5484,0,"PELT",0.020500000000002,0.0264999999999986,0.773584905660492,20,20
"vary_n",5484,0,"SVP BIC",0.0069999999999979,0.007000000000005,0.999999999998986,20,20
"vary_n",5484,0,"SVP BIC calibrated",0.0069999999999979,0.007000000000005,0.999999999998986,20,20
"vary_n",5484,0,"SVP BIC multiscale",0.000999999999997669,0.896500000000004,0.0011154489682071,19,20
"vary_n",6826,0,"PELT",0.036999999999999,0.0370000000000062,0.999999999999807,20,20
"vary_n",6826,0,"SVP BIC",0.00900000000000034,0.00900000000000034,1,20,20
"vary_n",6826,0,"SVP BIC calibrated",0.00900000000000034,0.00900000000000034,1,20,20
"vary_n",6826,0,"SVP BIC multiscale",0.000999999999997669,1.4725,0.000679117147706394,19,20
"vary_n",8496,0,"PELT",0.0489999999999995,0.049500000000009,0.9898989898988,20,20
"vary_n",8496,0,"SVP BIC",0.0110000000000028,0.0109999999999957,1.00000000000065,20,20
"vary_n",8496,0,"SVP BIC calibrated",0.0110000000000028,0.0109999999999957,1.00000000000065,20,20
"vary_n",8496,0,"SVP BIC multiscale",0.00100000000000122,2.54999999999998,0.000392156862745579,17,20
"vary_n",10575,0,"PELT",0.0869999999999997,0.0860000000000127,1.01162790697659,20,20
"vary_n",10575,0,"SVP BIC",0.0139999999999958,0.0130000000000052,1.07692307692232,20,20
"vary_n",10575,0,"SVP BIC calibrated",0.0140000000000029,0.0139999999999816,1.00000000000152,20,20
"vary_n",10575,0,"SVP BIC multiscale",0.00100000000000477,4.738,0.000211059518785304,17,20
"vary_n",13163,0,"PELT",0.105499999999993,0.105999999999995,0.995283018867905,20,20
"vary_n",13163,0,"SVP BIC",0.0169999999999959,0.0169999999999959,1,20,20
"vary_n",13163,0,"SVP BIC calibrated",0.017000000000003,0.0169999999999959,1.00000000000042,20,20
"vary_n",13163,0,"SVP BIC multiscale",0.00199999999999534,8.92000000000002,0.000224215246636249,15,20
"vary_n",16384,0,"PELT",0.208000000000006,0.210000000000036,0.990476190476045,20,20
"vary_n",16384,0,"SVP BIC",0.0210000000000008,0.0210000000000719,0.999999999996614,20,20
"vary_n",16384,0,"SVP BIC calibrated",0.0210000000000008,0.021000000000015,0.999999999999324,20,20
"vary_n",16384,0,"SVP BIC multiscale",0.00200000000000955,16.863,0.000118602858329452,17,20
