"pattern","jump","method","F1_new","Precision_new","Recall_new","CorrectNumCP_new","MSE_new","NumSegments_new","F1_old","Precision_old","Recall_old","CorrectNumCP_old","MSE_old","NumSegments_old","delta_F1","delta_Precision","delta_Recall","delta_CorrectNumCP","delta_MSE","delta_NumSegments"
"none",1,"DeCAFS AR1",0.97,0.97,0.97,0.97,0.0178916585728075,1.03,0.93,0.93,0.93,0.93,0.0187946365877139,1.07,0.04,0.04,0.04,0.04,-0.000902978014906339,-0.04
"none",1,"PELT AR1 approximate",0.98,0.98,0.98,0.98,0.0189838949950197,1.03,1,1,1,1,0.0161525981714723,1,-0.02,-0.02,-0.02,-0.02,0.00283129682354745,0.03
"none",1,"PELT inflated",1,1,1,1,0.0161525981714723,1,1,1,1,1,0.0161525981714723,1,0,0,0,0,0,0
"none",1,"SVP AR1Focus",1,1,1,1,0.0161525981714723,1,1,1,1,1,0.0161525981714723,1,0,0,0,0,0,0
"none",1.2,"DeCAFS AR1",0.98,0.98,0.98,0.98,0.0191790085005403,1.02,0.94,0.94,0.94,0.94,0.0207283278225597,1.06,0.04,0.04,0.04,0.04,-0.00154931932201933,-0.04
"none",1.2,"PELT AR1 approximate",1,1,1,1,0.018283714689493,1,1,1,1,1,0.018283714689493,1,0,0,0,0,0,0
"none",1.2,"PELT inflated",1,1,1,1,0.018283714689493,1,1,1,1,1,0.018283714689493,1,0,0,0,0,0,0
"none",1.2,"SVP AR1Focus",1,1,1,1,0.018283714689493,1,1,1,1,1,0.018283714689493,1,0,0,0,0,0,0
"none",1.4,"DeCAFS AR1",0.97,0.97,0.97,0.97,0.0179880729818728,1.03,0.93,0.93,0.93,0.93,0.0206778150979543,1.07,0.04,0.04,0.04,0.04,-0.00268974211608145,-0.04
"none",1.4,"PELT AR1 approximate",0.98,0.98,0.98,0.98,0.0195068746378352,1.02,1,1,1,1,0.0172922680187753,1,-0.02,-0.02,-0.02,-0.02,0.00221460661905989,0.02
"none",1.4,"PELT inflated",1,1,1,1,0.0172922680187753,1,1,1,1,1,0.0172922680187753,1,0,0,0,0,0,0
"none",1.4,"SVP AR1Focus",1,1,1,1,0.0172922680187753,1,1,1,1,1,0.0172922680187753,1,0,0,0,0,0,0
"none",1.6,"DeCAFS AR1",0.99,0.99,0.99,0.99,0.0172571486377441,1.01,0.94,0.94,0.94,0.94,0.0205848583279641,1.06,0.05,0.05,0.05,0.05,-0.00332770969022007,-0.05
"none",1.6,"PELT AR1 approximate",0.98,0.98,0.98,0.98,0.0206116122010604,1.02,1,1,1,1,0.0170882254941189,1,-0.02,-0.02,-0.02,-0.02,0.00352338670694155,0.02
"none",1.6,"PELT inflated",1,1,1,1,0.0170882254941189,1,1,1,1,1,0.0170882254941189,1,0,0,0,0,0,0
"none",1.6,"SVP AR1Focus",1,1,1,1,0.0170882254941189,1,1,1,1,1,0.0170882254941189,1,0,0,0,0,0,0
"none",1.8,"DeCAFS AR1",0.99,0.99,0.99,0.99,0.0132468258652096,1.01,0.99,0.99,0.99,0.99,0.0132468258652096,1.01,0,0,0,0,0,0
"none",1.8,"PELT AR1 approximate",0.99,0.99,0.99,0.99,0.0150949406595293,1.01,1,1,1,1,0.0129607032408332,1,-0.01,-0.01,-0.01,-0.01,0.0021342374186961,0.01
"none",1.8,"PELT inflated",1,1,1,1,0.0129607032408332,1,1,1,1,1,0.0129607032408332,1,0,0,0,0,0,0
"none",1.8,"SVP AR1Focus",0.99,0.99,0.99,0.99,0.0151203204101427,1.01,1,1,1,1,0.0129607032408332,1,-0.01,-0.01,-0.01,-0.01,0.00215961716930953,0.01
"none",2,"DeCAFS AR1",0.99,0.99,0.99,0.99,0.015925627077571,1.01,0.98,0.98,0.98,0.98,0.0160378173928289,1.02,0.01,0.01,0.01,0.01,-0.000112190315257884,-0.01
"none",2,"PELT AR1 approximate",0.98,0.98,0.98,0.98,0.0191806048664036,1.02,1,1,1,1,0.0158038057735661,1,-0.02,-0.02,-0.02,-0.02,0.00337679909283748,0.02
"none",2,"PELT inflated",1,1,1,1,0.0158038057735661,1,1,1,1,1,0.0158038057735661,1,0,0,0,0,0,0
"none",2,"SVP AR1Focus",1,1,1,1,0.0158038057735661,1,1,1,1,1,0.0158038057735661,1,0,0,0,0,0,0
"none",2.2,"DeCAFS AR1",1,1,1,1,0.0158262753681369,1,0.99,0.99,0.99,0.99,0.0163200351295812,1.01,0.01,0.01,0.01,0.01,-0.000493759761444282,-0.01
"none",2.2,"PELT AR1 approximate",1,1,1,1,0.0158262753681369,1,1,1,1,1,0.0158262753681369,1,0,0,0,0,0,0
"none",2.2,"PELT inflated",1,1,1,1,0.0158262753681369,1,1,1,1,1,0.0158262753681369,1,0,0,0,0,0,0
"none",2.2,"SVP AR1Focus",1,1,1,1,0.0158262753681369,1,1,1,1,1,0.0158262753681369,1,0,0,0,0,0,0
"none",2.4,"DeCAFS AR1",1,1,1,1,0.0139538803736396,1,0.92,0.92,0.92,0.92,0.0170003514598458,1.08,0.08,0.08,0.08,0.08,-0.00304647108620626,-0.0800000000000001
"none",2.4,"PELT AR1 approximate",0.99,0.99,0.99,0.99,0.0159241432377984,1.01,1,1,1,1,0.0139538803736396,1,-0.01,-0.01,-0.01,-0.01,0.0019702628641588,0.01
"none",2.4,"PELT inflated",1,1,1,1,0.0139538803736396,1,1,1,1,1,0.0139538803736396,1,0,0,0,0,0,0
"none",2.4,"SVP AR1Focus",1,1,1,1,0.0139538803736396,1,1,1,1,1,0.0139538803736396,1,0,0,0,0,0,0
"none",2.6,"DeCAFS AR1",1,1,1,1,0.0132162883741748,1,0.96,0.96,0.96,0.96,0.0139471256924066,1.04,0.04,0.04,0.04,0.04,-0.000730837318231795,-0.04
"none",2.6,"PELT AR1 approximate",0.99,0.99,0.99,0.99,0.0148700520500161,1.01,1,1,1,1,0.0132162883741748,1,-0.01,-0.01,-0.01,-0.01,0.00165376367584131,0.01
"none",2.6,"PELT inflated",1,1,1,1,0.0132162883741748,1,1,1,1,1,0.0132162883741748,1,0,0,0,0,0,0
"none",2.6,"SVP AR1Focus",0.99,0.99,0.99,0.99,0.0132635630070802,1.01,1,1,1,1,0.0132162883741748,1,-0.01,-0.01,-0.01,-0.01,4.72746329054745e-05,0.01
"none",2.8,"DeCAFS AR1",1,1,1,1,0.0123380161944833,1,0.96,0.96,0.96,0.96,0.0131883380763698,1.04,0.04,0.04,0.04,0.04,-0.000850321881886534,-0.04
"none",2.8,"PELT AR1 approximate",0.99,0.99,0.99,0.99,0.0145421144986485,1.01,1,1,1,1,0.0123380161944833,1,-0.01,-0.01,-0.01,-0.01,0.00220409830416524,0.01
"none",2.8,"PELT inflated",1,1,1,1,0.0123380161944833,1,1,1,1,1,0.0123380161944833,1,0,0,0,0,0,0
"none",2.8,"SVP AR1Focus",1,1,1,1,0.0123380161944833,1,1,1,1,1,0.0123380161944833,1,0,0,0,0,0,0
"none",3,"DeCAFS AR1",1,1,1,1,0.014024054091846,1,0.97,0.97,0.97,0.97,0.0146782684132255,1.03,0.03,0.03,0.03,0.03,-0.000654214321379484,-0.03
"none",3,"PELT AR1 approximate",0.99,0.99,0.99,0.99,0.0160241589382818,1.01,1,1,1,1,0.014024054091846,1,-0.01,-0.01,-0.01,-0.01,0.00200010484643575,0.01
"none",3,"PELT inflated",1,1,1,1,0.014024054091846,1,1,1,1,1,0.014024054091846,1,0,0,0,0,0,0
"none",3,"SVP AR1Focus",0.99,0.99,0.99,0.99,0.0144686784278495,1.01,1,1,1,1,0.014024054091846,1,-0.01,-0.01,-0.01,-0.01,0.000444624336003488,0.01
"none",3.2,"DeCAFS AR1",1,1,1,1,0.0123861775081744,1,0.93,0.93,0.93,0.93,0.0144515737458018,1.07,0.0700000000000001,0.0700000000000001,0.0700000000000001,0.0700000000000001,-0.0020653962376274,-0.0700000000000001
"none",3.2,"PELT AR1 approximate",1,1,1,1,0.0123861775081744,1,1,1,1,1,0.0123861775081744,1,0,0,0,0,0,0
"none",3.2,"PELT inflated",1,1,1,1,0.0123861775081744,1,1,1,1,1,0.0123861775081744,1,0,0,0,0,0,0
"none",3.2,"SVP AR1Focus",0.99,0.99,0.99,0.99,0.0136748495502964,1.01,1,1,1,1,0.0123861775081744,1,-0.01,-0.01,-0.01,-0.01,0.00128867204212206,0.01
"none",3.4,"DeCAFS AR1",1,1,1,1,0.0135541795202618,1,0.98,0.98,0.98,0.98,0.0143773777852041,1.02,0.02,0.02,0.02,0.02,-0.000823198264942256,-0.02
"none",3.4,"PELT AR1 approximate",0.99,0.99,0.99,0.99,0.0146005691827491,1.02,1,1,1,1,0.0135541795202618,1,-0.01,-0.01,-0.01,-0.01,0.00104638966248728,0.02
"none",3.4,"PELT inflated",1,1,1,1,0.0135541795202618,1,1,1,1,1,0.0135541795202618,1,0,0,0,0,0,0
"none",3.4,"SVP AR1Focus",1,1,1,1,0.0135541795202618,1,1,1,1,1,0.0135541795202618,1,0,0,0,0,0,0
"none",3.6,"DeCAFS AR1",0.99,0.99,0.99,0.99,0.0146660194375966,1.01,0.96,0.96,0.96,0.96,0.0152308733608687,1.04,0.03,0.03,0.03,0.03,-0.000564853923272074,-0.03
"none",3.6,"PELT AR1 approximate",0.99,0.99,0.99,0.99,0.0171920577680529,1.01,1,1,1,1,0.0141126707931972,1,-0.01,-0.01,-0.01,-0.01,0.00307938697485565,0.01
"none",3.6,"PELT inflated",0.99,0.99,0.99,0.99,0.0172086369162354,1.01,0.99,0.99,0.99,0.99,0.0172086369162354,1.01,0,0,0,0,0,0
"none",3.6,"SVP AR1Focus",0.99,0.99,0.99,0.99,0.0172086369162354,1.01,1,1,1,1,0.0141126707931972,1,-0.01,-0.01,-0.01,-0.01,0.00309596612303819,0.01
"none",3.8,"DeCAFS AR1",1,1,1,1,0.0127074684297677,1,0.93,0.93,0.93,0.93,0.015863327541783,1.07,0.0700000000000001,0.0700000000000001,0.0700000000000001,0.0700000000000001,-0.00315585911201528,-0.0700000000000001
"none",3.8,"PELT AR1 approximate",1,1,1,1,0.0127074684297677,1,1,1,1,1,0.0127074684297677,1,0,0,0,0,0,0
"none",3.8,"PELT inflated",1,1,1,1,0.0127074684297677,1,1,1,1,1,0.0127074684297677,1,0,0,0,0,0,0
"none",3.8,"SVP AR1Focus",0.99,0.99,0.99,0.99,0.01289887736379,1.01,1,1,1,1,0.0127074684297677,1,-0.01,-0.01,-0.01,-0.01,0.000191408934022291,0.01
"none",4,"DeCAFS AR1",1,1,1,1,0.0113760196341145,1,0.96,0.96,0.96,0.96,0.0134855543835175,1.04,0.04,0.04,0.04,0.04,-0.00210953474940302,-0.04
"none",4,"PELT AR1 approximate",0.99,0.99,0.99,0.99,0.0129372495950942,1.01,1,1,1,1,0.0113760196341145,1,-0.01,-0.01,-0.01,-0.01,0.00156122996097972,0.01
"none",4,"PELT inflated",1,1,1,1,0.0113760196341145,1,1,1,1,1,0.0113760196341145,1,0,0,0,0,0,0
"none",4,"SVP AR1Focus",0.99,0.99,0.99,0.99,0.0116011033397642,1.01,1,1,1,1,0.0113760196341145,1,-0.01,-0.01,-0.01,-0.01,0.000225083705649708,0.01
"none",4.2,"DeCAFS AR1",1,1,1,1,0.012793758415638,1,0.96,0.96,0.96,0.96,0.0155190688564357,1.04,0.04,0.04,0.04,0.04,-0.00272531044079772,-0.04
"none",4.2,"PELT AR1 approximate",0.99,0.99,0.99,0.99,0.0141382346680397,1.01,1,1,1,1,0.012793758415638,1,-0.01,-0.01,-0.01,-0.01,0.00134447625240167,0.01
"none",4.2,"PELT inflated",1,1,1,1,0.012793758415638,1,1,1,1,1,0.012793758415638,1,0,0,0,0,0,0
"none",4.2,"SVP AR1Focus",1,1,1,1,0.012793758415638,1,1,1,1,1,0.012793758415638,1,0,0,0,0,0,0
"none",4.4,"DeCAFS AR1",1,1,1,1,0.0166839679491049,1,0.93,0.93,0.93,0.93,0.0196874694693693,1.07,0.0700000000000001,0.0700000000000001,0.0700000000000001,0.0700000000000001,-0.00300350152026444,-0.0700000000000001
"none",4.4,"PELT AR1 approximate",1,1,1,1,0.0166839679491049,1,1,1,1,1,0.0166839679491049,1,0,0,0,0,0,0
"none",4.4,"PELT inflated",1,1,1,1,0.0166839679491049,1,1,1,1,1,0.0166839679491049,1,0,0,0,0,0,0
"none",4.4,"SVP AR1Focus",1,1,1,1,0.0166839679491049,1,1,1,1,1,0.0166839679491049,1,0,0,0,0,0,0
"none",4.6,"DeCAFS AR1",0.99,0.99,0.99,0.99,0.0162013153691051,1.01,0.96,0.96,0.96,0.96,0.0194667291413644,1.04,0.03,0.03,0.03,0.03,-0.00326541377225931,-0.03
"none",4.6,"PELT AR1 approximate",0.98,0.98,0.98,0.98,0.0210035396669441,1.03,1,1,1,1,0.0160437568255788,1,-0.02,-0.02,-0.02,-0.02,0.00495978284136532,0.03
"none",4.6,"PELT inflated",1,1,1,1,0.0160437568255788,1,1,1,1,1,0.0160437568255788,1,0,0,0,0,0,0
"none",4.6,"SVP AR1Focus",1,1,1,1,0.0160437568255788,1,1,1,1,1,0.0160437568255788,1,0,0,0,0,0,0
"none",4.8,"DeCAFS AR1",0.99,0.99,0.99,0.99,0.0160963972307432,1.01,0.99,0.99,0.99,0.99,0.0160963972307432,1.01,0,0,0,0,0,0
"none",4.8,"PELT AR1 approximate",1,1,1,1,0.0153156410083929,1,1,1,1,1,0.0153156410083929,1,0,0,0,0,0,0
"none",4.8,"PELT inflated",1,1,1,1,0.0153156410083929,1,1,1,1,1,0.0153156410083929,1,0,0,0,0,0,0
"none",4.8,"SVP AR1Focus",1,1,1,1,0.0153156410083929,1,1,1,1,1,0.0153156410083929,1,0,0,0,0,0,0
"none",5,"DeCAFS AR1",0.98,0.98,0.98,0.98,0.0202882848893401,1.02,0.93,0.93,0.93,0.93,0.0222906418004973,1.07,0.05,0.05,0.05,0.05,-0.00200235691115721,-0.05
"none",5,"PELT AR1 approximate",1,1,1,1,0.0181359598424468,1,1,1,1,1,0.0181359598424468,1,0,0,0,0,0,0
"none",5,"PELT inflated",1,1,1,1,0.0181359598424468,1,1,1,1,1,0.0181359598424468,1,0,0,0,0,0,0
"none",5,"SVP AR1Focus",1,1,1,1,0.0181359598424468,1,1,1,1,1,0.0181359598424468,1,0,0,0,0,0,0
"rand1",1,"DeCAFS AR1",0.0125,0.05,0.00714285714285714,0,0.592912128951005,1.09,0.0523888888888889,0.18,0.0314285714285714,0,0.575063564511352,1.3,-0.0398888888888889,-0.13,-0.0242857142857143,0,0.0178485644396524,-0.21
"rand1",1,"PELT AR1 approximate",0.177376068376068,0.3295,0.127142857142857,0,0.496883733098419,2.62,0,0,0,0,0.594847229978414,1,0.177376068376068,0.3295,0.127142857142857,0,-0.097963496879995,1.62
"rand1",1,"PELT inflated",0.0402777777777778,0.13,0.0242857142857143,0,0.587072257100864,1.22,0.0402777777777778,0.13,0.0242857142857143,0,0.587072257100864,1.22,0,0,0,0,0,0
"rand1",1,"SVP AR1Focus",0.125444444444444,0.328333333333333,0.08,0,0.515990916050264,2.18,0.00999999999999999,0.04,0.00571428571428571,0,0.594100883964639,1.05,0.115444444444444,0.288333333333333,0.0742857142857143,0,-0.0781099679143747,1.13
"rand1",1.2,"DeCAFS AR1",0.0225,0.09,0.0128571428571429,0,0.844542980338882,1.11,0.144555555555556,0.378333333333333,0.0928571428571428,0,0.741692384598906,1.77,-0.122055555555556,-0.288333333333333,-0.08,0,0.102850595739976,-0.66
"rand1",1.2,"PELT AR1 approximate",0.354718781218781,0.552095238095238,0.271428571428571,0.02,0.513302799219626,4.07,0,0,0,0,0.859823796838304,1,0.354718781218781,0.552095238095238,0.271428571428571,0.02,-0.346520997618678,3.07
"rand1",1.2,"PELT inflated",0.122666666666667,0.29,0.08,0,0.764766950177342,1.65,0.122666666666667,0.29,0.08,0,0.764766950177342,1.65,0,0,0,0,0,0
"rand1",1.2,"SVP AR1Focus",0.289262626262626,0.595,0.195714285714286,0,0.578541112820966,3.12,0.0275,0.11,0.0157142857142857,0,0.832135438279908,1.19,0.261762626262626,0.485,0.18,0,-0.253594325458942,1.93
"rand1",1.4,"DeCAFS AR1",0.0669444444444444,0.26,0.0385714285714286,0,1.0864559181795,1.3,0.318621212121212,0.7025,0.215714285714286,0,0.796248063352729,2.54,-0.251676767676768,-0.4425,-0.177142857142857,0,0.290207854826776,-1.24
"rand1",1.4,"PELT AR1 approximate",0.516514152514152,0.653035714285714,0.444285714285714,0.07,0.410355974780021,5.76,0.0025,0.01,0.00142857142857143,0,1.150806501647,1.02,0.514014152514153,0.643035714285714,0.442857142857143,0.07,-0.74045052686698,4.74
"rand1",1.4,"PELT inflated",0.237111111111111,0.523,0.158571428571429,0,0.847145808695992,2.38,0.237111111111111,0.523,0.158571428571429,0,0.847145808695992,2.38,0,0,0,0,0,0
"rand1",1.4,"SVP AR1Focus",0.452656565656566,0.704166666666667,0.342857142857143,0,0.523804993777101,4.29,0.0977777777777778,0.36,0.0571428571428571,0,1.05616169777824,1.57,0.354878787878788,0.344166666666667,0.285714285714286,0,-0.532356704001141,2.72
"rand1",1.6,"DeCAFS AR1",0.179388888888889,0.555,0.11,0,1.24628439423859,1.78,0.590909479409479,0.954,0.448571428571429,0,0.547040257314092,4.22,-0.41152059052059,-0.399,-0.338571428571429,0,0.699244136924503,-2.44
"rand1",1.6,"PELT AR1 approximate",0.59904045954046,0.638650793650794,0.574285714285714,0.34,0.293160446695347,7.36,0.0504444444444445,0.145,0.0314285714285714,0,1.4214241024623,1.28,0.548596015096015,0.493650793650794,0.542857142857143,0.34,-1.12826365576695,6.08
"rand1",1.6,"PELT inflated",0.429050505050505,0.807333333333333,0.301428571428571,0,0.767235936275733,3.45,0.429050505050505,0.807333333333333,0.301428571428571,0,0.767235936275733,3.45,0,0,0,0,0,0
"rand1",1.6,"SVP AR1Focus",0.610676767676768,0.802833333333333,0.5,0,0.410056342505178,5.26,0.2045,0.51,0.13,0,1.10532638470808,2.37,0.406176767676768,0.292833333333333,0.37,0,-0.695270042202898,2.89
"rand1",1.8,"DeCAFS AR1",0.317888888888889,0.78,0.205714285714286,0,1.29200408413365,2.46,0.732242812742813,0.987333333333333,0.6,0,0.353757465810941,5.25,-0.414353923853924,-0.207333333333333,-0.394285714285714,0,0.93824661832271,-2.79
"rand1",1.8,"PELT AR1 approximate",0.63694444281209,0.649761904761905,0.635714285714286,0.3,0.254137857709075,7.96,0.11889898989899,0.269166666666667,0.0785714285714286,0,1.62459913905436,1.72,0.5180454529131,0.380595238095238,0.557142857142857,0.3,-1.37046128134528,6.24
"rand1",1.8,"PELT inflated",0.596868686868687,0.9045,0.464285714285714,0,0.605789461719563,4.53,0.596868686868687,0.9045,0.464285714285714,0,0.605789461719563,4.53,0,0,0,0,0,0
"rand1",1.8,"SVP AR1Focus",0.745909090909091,0.913333333333333,0.632857142857143,0,0.254675796288079,5.82,0.315388888888889,0.688333333333333,0.207142857142857,0,1.14083722792012,2.99,0.430520202020202,0.225,0.425714285714286,0,-0.88616143163204,2.83
"rand1",2,"DeCAFS AR1",0.529,0.94,0.385714285714286,0,1.01199890333805,3.7,0.812324009324009,0.996666666666667,0.69,0,0.194161575241718,5.85,-0.283324009324009,-0.0566666666666668,-0.304285714285714,0,0.81783732809633,-2.15
"rand1",2,"PELT AR1 approximate",0.641345399698341,0.604305555555556,0.688571428571429,0.21,0.201150814599508,9.07,0.319424242424242,0.6355,0.218571428571429,0,1.48761605990354,2.73,0.321921157274098,-0.0311944444444444,0.47,0.21,-1.28646524530403,6.34
"rand1",2,"PELT inflated",0.700232323232323,0.943666666666667,0.571428571428571,0,0.460903424775916,5.22,0.700232323232323,0.943666666666667,0.571428571428571,0,0.460903424775916,5.22,0,0,0,0,0,0
"rand1",2,"SVP AR1Focus",0.798601398601399,0.962833333333333,0.682857142857143,0,0.19564604095262,5.96,0.43540404040404,0.7625,0.312857142857143,0,1.0670726893982,3.83,0.363197358197358,0.200333333333333,0.37,0,-0.87142664844558,2.13
"rand1",2.2,"DeCAFS AR1",0.727661616161616,1,0.588571428571429,0,0.519829819240915,5.12,0.82974358974359,0.993,0.712857142857143,0,0.136589330952756,6.03,-0.102081973581974,0.00700000000000001,-0.124285714285714,0,0.383240488288159,-0.91
"rand1",2.2,"PELT AR1 approximate",0.621914799253035,0.558414502164502,0.705714285714286,0.05,0.172305452371504,9.93,0.495881007881008,0.79697619047619,0.372857142857143,0.01,1.15196175190615,4.15,0.126033791372027,-0.238561688311688,0.332857142857143,0.04,-0.979656299534649,5.78
"rand1",2.2,"PELT inflated",0.770262626262626,0.962666666666667,0.648571428571429,0,0.298687256270811,5.72,0.770262626262626,0.962666666666667,0.648571428571429,0,0.298687256270811,5.72,0,0,0,0,0,0
"rand1",2.2,"SVP AR1Focus",0.816025641025641,0.978333333333333,0.7,0,0.162681103949275,6.01,0.544656565656566,0.763,0.431428571428571,0,0.848345907049358,4.82,0.271369075369075,0.215333333333333,0.268571428571429,0,-0.685664803100083,1.19
"rand1",2.4,"DeCAFS AR1",0.80660606060606,1,0.681428571428571,0,0.272177227028987,5.77,0.832051282051282,0.996666666666667,0.714285714285714,0,0.154309361327649,6.02,-0.0254452214452214,0.0033333333333333,-0.0328571428571429,0,0.117867865701338,-0.25
"rand1",2.4,"PELT AR1 approximate",0.609743661567191,0.535084776334776,0.712857142857143,0.01,0.186302733610038,10.41,0.648385281385281,0.830809523809524,0.551428571428571,0.11,0.751025112516629,5.66,-0.0386416198180904,-0.295724747474747,0.161428571428571,-0.1,-0.564722378906591,4.75
"rand1",2.4,"PELT inflated",0.811170163170163,0.977333333333333,0.694285714285714,0,0.209365092174028,5.96,0.811170163170163,0.977333333333333,0.694285714285714,0,0.209365092174028,5.96,0,0,0,0,0,0
"rand1",2.4,"SVP AR1Focus",0.826282051282051,0.988666666666667,0.71,0,0.169516649853093,6.03,0.713191919191919,0.895666666666667,0.597142857142857,0,0.496459842811143,5.56,0.113090132090132,0.0930000000000001,0.112857142857143,0,-0.32694319295805,0.470000000000001
"rand1",2.6,"DeCAFS AR1",0.833333333333333,1,0.714285714285714,0,0.160773921285316,6,0.831410256410256,0.995,0.714285714285714,0,0.16184100295121,6.03,0.00192307692307692,0.005,0,0,-0.00106708166589348,-0.0300000000000002
"rand1",2.6,"PELT AR1 approximate",0.59608832129343,0.513823232323232,0.711428571428571,0,0.182600183048145,10.73,0.711879453879454,0.804059523809524,0.648571428571429,0.17,0.458050162676733,6.71,-0.115791132586024,-0.290236291486291,0.0628571428571428,-0.17,-0.275449979628588,4.02
"rand1",2.6,"PELT inflated",0.821666666666667,0.986,0.704285714285714,0,0.188749908959731,6,0.821666666666667,0.986,0.704285714285714,0,0.188749908959731,6,0,0,0,0,0,0
"rand1",2.6,"SVP AR1Focus",0.831153846153846,0.994333333333333,0.714285714285714,0,0.171714789060946,6.03,0.809393939393939,0.9735,0.692857142857143,0,0.222390814995328,5.97,0.0217599067599068,0.0208333333333333,0.0214285714285715,0,-0.0506760259343821,0.0600000000000005
"rand1",2.8,"DeCAFS AR1",0.831666666666667,0.998,0.712857142857143,0,0.176158488565492,6,0.830384615384615,0.994666666666667,0.712857142857143,0,0.177445634010386,6.02,0.00128205128205128,0.0033333333333333,0,0,-0.00128714544489456,-0.0199999999999996
"rand1",2.8,"PELT AR1 approximate",0.591579377364981,0.505058275058275,0.715714285714286,0,0.194095975851627,10.95,0.703526806526807,0.729666666666667,0.687142857142857,0.38,0.311244789197851,7.7,-0.111947429161826,-0.224608391608392,0.0285714285714286,-0.38,-0.117148813346224,3.25
"rand1",2.8,"PELT inflated",0.828333333333333,0.994,0.71,0,0.192360651711122,6,0.828333333333333,0.994,0.71,0,0.192360651711122,6,0,0,0,0,0,0
"rand1",2.8,"SVP AR1Focus",0.832820512820513,0.996333333333333,0.715714285714286,0,0.180398679158095,6.03,0.822575757575758,0.989,0.704285714285714,0,0.214160667992776,5.98,0.0102447552447552,0.0073333333333333,0.0114285714285715,0,-0.0337619888346808,0.0499999999999998
"rand1",3,"DeCAFS AR1",0.833333333333333,1,0.714285714285714,0,0.182409991071884,6,0.832051282051282,0.996666666666667,0.714285714285714,0,0.183329079178585,6.02,0.00128205128205128,0.0033333333333333,0,0,-0.000919088106700883,-0.0199999999999996
"rand1",3,"PELT AR1 approximate",0.592567079463364,0.502676767676768,0.722857142857143,0,0.206618002395669,11.07,0.688338450764921,0.679206349206349,0.704285714285714,0.37,0.258548521328041,8.38,-0.0957713713015572,-0.176529581529582,0.0185714285714286,-0.37,-0.0519305189323725,2.69
"rand1",3,"PELT inflated",0.83,0.996,0.711428571428571,0,0.197968632511938,6,0.83,0.996,0.711428571428571,0,0.197968632511938,6,0,0,0,0,0,0
"rand1",3,"SVP AR1Focus",0.83051282051282,0.988,0.717142857142857,0,0.188792352127876,6.09,0.831666666666667,0.998,0.712857142857143,0,0.19433920007781,6,-0.00115384615384606,-0.01,0.00428571428571434,0,-0.00554684794993421,0.0899999999999999
"rand1",3.2,"DeCAFS AR1",0.833333333333333,1,0.714285714285714,0,0.203911900966567,6,0.833333333333333,1,0.714285714285714,0,0.203911900966567,6,0,0,0,0,0,0
"rand1",3.2,"PELT AR1 approximate",0.596112548528183,0.501892551892552,0.735714285714286,0,0.222153595853585,11.26,0.666116946778711,0.632857142857143,0.71,0.26,0.249321045165528,8.99,-0.0700043982505284,-0.130964590964591,0.0257142857142858,-0.26,-0.0271674493119436,2.27
"rand1",3.2,"PELT inflated",0.833333333333333,1,0.714285714285714,0,0.215670151224443,6,0.833333333333333,1,0.714285714285714,0,0.215670151224443,6,0,0,0,0,0,0
"rand1",3.2,"SVP AR1Focus",0.838827838827839,0.993571428571429,0.727142857142857,0.01,0.212229428083479,6.13,0.833333333333333,1,0.714285714285714,0,0.215141664604763,6,0.00549450549450547,-0.00642857142857145,0.0128571428571429,0.01,-0.00291223652128347,0.13
"rand1",3.4,"DeCAFS AR1",0.833333333333333,1,0.714285714285714,0,0.219827618598663,6,0.832051282051282,0.996666666666667,0.714285714285714,0,0.22044483422761,6.02,0.00128205128205128,0.0033333333333333,0,0,-0.000617215628947176,-0.0199999999999996
"rand1",3.4,"PELT AR1 approximate",0.597202528379773,0.503364413364413,0.735714285714286,0,0.233128316087453,11.22,0.625445809092868,0.562936507936508,0.708571428571429,0.08,0.264672733837938,9.91,-0.0282432807130951,-0.0595720945720946,0.0271428571428571,-0.08,-0.0315444177504847,1.31
"rand1",3.4,"PELT inflated",0.828333333333333,0.994,0.71,0,0.234105942799235,6,0.828333333333333,0.994,0.71,0,0.234105942799235,6,0,0,0,0,0,0
"rand1",3.4,"SVP AR1Focus",0.843205128205128,0.993333333333333,0.734285714285714,0.01,0.22302131919909,6.18,0.83,0.996,0.711428571428571,0,0.229336335586884,6,0.0132051282051282,-0.00266666666666671,0.0228571428571429,0.01,-0.00631501638779422,0.18
"rand1",3.6,"DeCAFS AR1",0.833333333333333,1,0.714285714285714,0,0.233477803381289,6,0.833589743589743,0.998333333333333,0.715714285714286,0,0.233927310109606,6.02,-0.000256410256410211,0.0016666666666667,-0.00142857142857145,0,-0.000449506728317478,-0.0199999999999996
"rand1",3.6,"PELT AR1 approximate",0.592748538011696,0.499545454545455,0.73,0,0.245572484180634,11.23,0.613732492997199,0.539761904761905,0.714285714285714,0.03,0.257081194096745,10.33,-0.0209839549855031,-0.0402164502164502,0.0157142857142857,-0.03,-0.0115087099161106,0.9
"rand1",3.6,"PELT inflated",0.834230769230769,1,0.715714285714286,0,0.237702575780149,6.01,0.834230769230769,1,0.715714285714286,0,0.237702575780149,6.01,0,0,0,0,0,0
"rand1",3.6,"SVP AR1Focus",0.841538461538461,0.986666666666667,0.735714285714286,0.01,0.231622393260595,6.23,0.833333333333333,1,0.714285714285714,0,0.236907755811447,6,0.0082051282051282,-0.0133333333333333,0.0214285714285715,0.01,-0.00528536255085246,0.23
"rand1",3.8,"DeCAFS AR1",0.833333333333333,1,0.714285714285714,0,0.250010741408858,6,0.833589743589743,0.998333333333333,0.715714285714286,0,0.250140063268872,6.02,-0.000256410256410211,0.0016666666666667,-0.00142857142857145,0,-0.00012932186001352,-0.0199999999999996
"rand1",3.8,"PELT AR1 approximate",0.594565531475748,0.499085081585082,0.737142857142857,0,0.257751879614143,11.34,0.602769607843137,0.522222222222222,0.714285714285714,0,0.267389457187549,10.61,-0.00820407636738918,-0.0231371406371407,0.0228571428571428,0,-0.009637577573406,0.73
"rand1",3.8,"PELT inflated",0.833333333333333,1,0.714285714285714,0,0.250010741408858,6,0.833333333333333,1,0.714285714285714,0,0.250010741408858,6,0,0,0,0,0,0
"rand1",3.8,"SVP AR1Focus",0.836007326007326,0.981904761904762,0.73,0.02,0.246801931623578,6.22,0.833333333333333,1,0.714285714285714,0,0.250010741408858,6,0.00267399267399271,-0.0180952380952381,0.0157142857142857,0.02,-0.00320880978528007,0.22
"rand1",4,"DeCAFS AR1",0.833333333333333,1,0.714285714285714,0,0.270925289038089,6,0.835641025641026,0.996666666666667,0.72,0,0.270649230630307,6.06,-0.00230769230769234,0.0033333333333333,-0.00571428571428567,0,0.000276058407781277,-0.0599999999999996
"rand1",4,"PELT AR1 approximate",0.60050257997936,0.503030303030303,0.747142857142857,0,0.271867655750468,11.39,0.595269607843137,0.510694444444444,0.714285714285714,0,0.284377281229557,10.81,0.00523297213622287,-0.0076641414141414,0.0328571428571428,0,-0.0125096254790892,0.58
"rand1",4,"PELT inflated",0.835,1,0.717142857142857,0.00999999999999999,0.270623973885054,6.02,0.835,1,0.717142857142857,0.00999999999999999,0.270623973885054,6.02,0,0,0,0,0,0
"rand1",4,"SVP AR1Focus",0.844212454212454,0.980238095238095,0.744285714285714,0.03,0.261608481321975,6.33,0.834230769230769,1,0.715714285714286,0,0.271231032722393,6.01,0.00998168498168506,-0.0197619047619048,0.0285714285714286,0.03,-0.00962255140041873,0.32
"rand1",4.2,"DeCAFS AR1",0.833333333333333,1,0.714285714285714,0,0.281194724959992,6,0.833589743589743,0.998333333333333,0.715714285714286,0,0.281148283030333,6.02,-0.000256410256410211,0.0016666666666667,-0.00142857142857145,0,4.6441929658303e-05,-0.0199999999999996
"rand1",4.2,"PELT AR1 approximate",0.595861369109047,0.498531468531469,0.742857142857143,0,0.28502150526716,11.44,0.591334033613445,0.504920634920635,0.714285714285714,0.01,0.288506648966443,10.92,0.0045273354956018,-0.00638916638916637,0.0285714285714286,-0.01,-0.0034851436992826,0.52
"rand1",4.2,"PELT inflated",0.833040293040293,0.997142857142857,0.715714285714286,0.01,0.281802025939989,6.03,0.833040293040293,0.997142857142857,0.715714285714286,0.01,0.281802025939989,6.03,0,0,0,0,0,0
"rand1",4.2,"SVP AR1Focus",0.84485347985348,0.976904761904762,0.747142857142857,0.02,0.270812680486748,6.37,0.833333333333333,1,0.714285714285714,0,0.281194724959992,6,0.0115201465201465,-0.0230952380952381,0.0328571428571428,0.02,-0.0103820444732438,0.37
"rand1",4.4,"DeCAFS AR1",0.832692307692308,0.998333333333333,0.714285714285714,0,0.298213808579048,6.01,0.832051282051282,0.996666666666667,0.714285714285714,0,0.298567179318195,6.02,0.000641025641025639,0.00166666666666659,0,0,-0.000353370739147763,-0.00999999999999979
"rand1",4.4,"PELT AR1 approximate",0.605036119711042,0.506136363636364,0.754285714285714,0,0.284758928986842,11.42,0.590808823529412,0.503888888888889,0.714285714285714,0,0.307448319139128,10.93,0.0142272961816305,0.00224747474747466,0.04,0,-0.0226893901522868,0.49
"rand1",4.4,"PELT inflated",0.834230769230769,1,0.715714285714286,0,0.297379468752682,6.01,0.834230769230769,1,0.715714285714286,0,0.297379468752682,6.01,0,0,0,0,0,0
"rand1",4.4,"SVP AR1Focus",0.845970695970696,0.977380952380952,0.748571428571429,0.02,0.282469038270045,6.38,0.833333333333333,1,0.714285714285714,0,0.297545291657651,6,0.0126373626373626,-0.0226190476190476,0.0342857142857143,0.02,-0.015076253387606,0.38
"rand1",4.6,"DeCAFS AR1",0.833333333333333,1,0.714285714285714,0,0.332189994645541,6,0.841282051282051,1,0.727142857142857,0.00999999999999999,0.327368018567219,6.09,-0.00794871794871799,0,-0.0128571428571429,-0.00999999999999999,0.0048219760783218,-0.0899999999999999
"rand1",4.6,"PELT AR1 approximate",0.608199321833997,0.503516483516483,0.771428571428571,0,0.311276048177011,11.72,0.588970588235294,0.501111111111111,0.714285714285714,0,0.339992713915965,10.98,0.0192287335987027,0.00240537240537242,0.0571428571428572,0,-0.0287166657389533,0.74
"rand1",4.6,"PELT inflated",0.834212454212454,0.993571428571429,0.72,0.02,0.331286348100923,6.08,0.834212454212454,0.993571428571429,0.72,0.02,0.331286348100923,6.08,0,0,0,0,0,0
"rand1",4.6,"SVP AR1Focus",0.842380952380952,0.964047619047619,0.751428571428571,0.04,0.309868544368321,6.48,0.836282051282051,0.998333333333333,0.72,0,0.329339250491588,6.05,0.0060989010989011,-0.0342857142857143,0.0314285714285715,0.04,-0.0194707061232672,0.430000000000001
"rand1",4.8,"DeCAFS AR1",0.833333333333333,1,0.714285714285714,0,0.357385725094691,6,0.844820512820513,0.9925,0.738571428571429,0.02,0.346380983908751,6.22,-0.0114871794871795,0.00749999999999995,-0.0242857142857142,-0.02,0.01100474118594,-0.22
"rand1",4.8,"PELT AR1 approximate",0.626443068455452,0.514784382284382,0.804285714285714,0,0.30401494541819,11.91,0.588235294117647,0.5,0.714285714285714,0,0.363717001793925,11,0.0382077743378053,0.0147843822843823,0.09,0,-0.059702056375735,0.91
"rand1",4.8,"PELT inflated",0.843717948717949,1,0.731428571428571,0.03,0.353131388705532,6.12,0.843717948717949,1,0.731428571428571,0.03,0.353131388705532,6.12,0,0,0,0,0,0
"rand1",4.8,"SVP AR1Focus",0.860604395604396,0.963809523809524,0.781428571428571,0.08,0.313809345345503,6.69,0.836923076923077,1,0.72,0,0.355881797135861,6.04,0.0236813186813186,-0.0361904761904762,0.0614285714285715,0.08,-0.0420724517903585,0.65
"rand1",5,"DeCAFS AR1",0.832692307692308,0.998333333333333,0.714285714285714,0,0.3759275459846,6.01,0.839358974358974,0.995,0.727142857142857,0.01,0.369132381762638,6.12,-0.00666666666666671,0.0033333333333333,-0.0128571428571429,-0.01,0.00679516422196202,-0.11
"rand1",5,"PELT AR1 approximate",0.614139662882697,0.503706293706294,0.791428571428571,0,0.317574348218543,11.99,0.588235294117647,0.5,0.714285714285714,0,0.382074341529988,11,0.0259043687650499,0.00370629370629372,0.0771428571428571,0,-0.0644999933114452,0.99
"rand1",5,"PELT inflated",0.838186813186813,0.996904761904762,0.724285714285714,0.02,0.3724586840096,6.09,0.838186813186813,0.996904761904762,0.724285714285714,0.02,0.3724586840096,6.09,0,0,0,0,0,0
"rand1",5,"SVP AR1Focus",0.867545787545787,0.971904761904762,0.787142857142857,0.06,0.321030066179543,6.68,0.836923076923077,1,0.72,0,0.372489412857381,6.04,0.0306227106227106,-0.0280952380952381,0.0671428571428572,0.06,-0.0514593466778382,0.64
"up",1,"DeCAFS AR1",0.210888888888889,0.485,0.135714285714286,0,0.762493421269891,2.98,0.250161616161616,0.478333333333333,0.171428571428571,0,0.60782374926524,3.49,-0.0392727272727273,0.00666666666666665,-0.0357142857142857,0,0.154669672004651,-0.51
"up",1,"PELT AR1 approximate",0.233090909090909,0.403333333333333,0.165714285714286,0,0.52217440689361,3.92,0.179444444444444,0.43,0.114285714285714,0,0.81272627285093,2.88,0.0536464646464646,-0.0266666666666667,0.0514285714285714,0,-0.29055186595732,1.04
"up",1,"PELT inflated",0.203555555555556,0.406666666666667,0.137142857142857,0,0.629282485613751,3.39,0.203555555555556,0.406666666666667,0.137142857142857,0,0.629282485613751,3.39,0,0,0,0,0,0
"up",1,"SVP AR1Focus",0.188222222222222,0.408333333333333,0.122857142857143,0,0.693176299535345,3.11,0.0833333333333333,0.275,0.05,0,1.23589113556115,2.26,0.104888888888889,0.133333333333333,0.0728571428571429,0,-0.54271483602581,0.85
"up",1.2,"DeCAFS AR1",0.286444444444444,0.573333333333333,0.192857142857143,0,0.84831318383074,3.33,0.339333333333333,0.573333333333333,0.242857142857143,0,0.638063907200667,3.95,-0.0528888888888889,1.11022302462516e-16,-0.05,0,0.210249276630073,-0.62
"up",1.2,"PELT AR1 approximate",0.305414141414141,0.479833333333333,0.225714285714286,0,0.592230614468037,4.25,0.220888888888889,0.478333333333333,0.144285714285714,0,0.948615760802292,3.12,0.0845252525252525,0.00150000000000011,0.0814285714285714,0,-0.356385146334254,1.13
"up",1.2,"PELT inflated",0.28220202020202,0.485833333333333,0.2,0,0.678409453313674,3.83,0.28220202020202,0.485833333333333,0.2,0,0.678409453313674,3.83,0,0,0,0,0,0
"up",1.2,"SVP AR1Focus",0.263111111111111,0.48,0.182857142857143,0,0.756998727300081,3.59,0.211111111111111,0.51,0.134285714285714,0,1.09763944798275,2.87,0.052,-0.03,0.0485714285714286,0,-0.340640720682666,0.72
"up",1.4,"DeCAFS AR1",0.387030303030303,0.690833333333333,0.271428571428571,0,0.892317752601966,3.73,0.452393939393939,0.692333333333333,0.338571428571429,0,0.677998168686011,4.4,-0.0653636363636363,-0.00150000000000006,-0.0671428571428572,0,0.214319583915955,-0.67
"up",1.4,"PELT AR1 approximate",0.342125874125874,0.491333333333333,0.265714285714286,0,0.659838631796462,4.8,0.268222222222222,0.518333333333333,0.182857142857143,0,1.05755982953208,3.41,0.0739036519036519,-0.027,0.0828571428571428,0,-0.397721197735619,1.39
"up",1.4,"PELT inflated",0.342626262626263,0.550833333333333,0.25,0,0.730662352794664,4.2,0.342626262626263,0.550833333333333,0.25,0,0.730662352794664,4.2,0,0,0,0,0,0
"up",1.4,"SVP AR1Focus",0.308747474747475,0.514166666666667,0.221428571428571,0,0.819765671613575,3.97,0.228888888888889,0.515,0.147142857142857,0,1.28806231831654,3,0.0798585858585859,-0.000833333333333353,0.0742857142857143,0,-0.468296646702963,0.97
"up",1.6,"DeCAFS AR1",0.483353535353535,0.793333333333333,0.35,0,0.901947990586169,4.09,0.549424242424242,0.7645,0.431428571428571,0,0.631298025035179,4.97,-0.066070707070707,0.0288333333333334,-0.0814285714285715,0,0.27064996555099,-0.88
"up",1.6,"PELT AR1 approximate",0.44151615051615,0.575214285714286,0.362857142857143,0.00999999999999999,0.660207032547787,5.42,0.337454545454545,0.6075,0.235714285714286,0,1.11817607725939,3.73,0.104061605061605,-0.0322857142857144,0.127142857142857,0.00999999999999999,-0.457969044711601,1.69
"up",1.6,"PELT inflated",0.409787878787879,0.601666666666667,0.312857142857143,0,0.737693871536004,4.65,0.409787878787879,0.601666666666667,0.312857142857143,0,0.737693871536004,4.65,0,0,0,0,0,0
"up",1.6,"SVP AR1Focus",0.388585858585859,0.585833333333333,0.292857142857143,0,0.81085385232402,4.45,0.249777777777778,0.555,0.161428571428571,0,1.57948886995926,3.03,0.138808080808081,0.0308333333333334,0.131428571428571,0,-0.76863501763524,1.42
"up",1.8,"DeCAFS AR1",0.555111111111111,0.8605,0.412857142857143,0,0.947937355911523,4.37,0.62930303030303,0.8405,0.505714285714286,0,0.704478882278891,5.22,-0.0741919191919191,0.02,-0.0928571428571429,0,0.243458473632631,-0.85
"up",1.8,"PELT AR1 approximate",0.483962037962038,0.591940476190476,0.415714285714286,0.07,0.724972500081627,5.88,0.386949494949495,0.648333333333333,0.277142857142857,0,1.22299758525101,3.98,0.097012543012543,-0.0563928571428571,0.138571428571429,0.07,-0.498025085169384,1.9
"up",1.8,"PELT inflated",0.455969696969697,0.6395,0.355714285714286,0,0.847086267969532,4.89,0.455969696969697,0.6395,0.355714285714286,0,0.847086267969532,4.89,0,0,0,0,0,0
"up",1.8,"SVP AR1Focus",0.459153846153846,0.636833333333333,0.361428571428571,0,0.851918129143295,4.95,0.283555555555556,0.551666666666667,0.192857142857143,0,1.699632463286,3.37,0.175598290598291,0.0851666666666667,0.168571428571429,0,-0.847714334142709,1.58
"up",2,"DeCAFS AR1",0.615030303030303,0.8935,0.472857142857143,0,0.967608597760483,4.72,0.709440559440559,0.8795,0.597142857142857,0,0.700507251160229,5.75,-0.0944102564102564,0.014,-0.124285714285714,0,0.267101346600254,-1.03
"up",2,"PELT AR1 approximate",0.549980970010382,0.626952380952381,0.501428571428571,0.11,0.722999392022153,6.61,0.432181818181818,0.685833333333333,0.317142857142857,0,1.2863059566765,4.25,0.117799151828564,-0.0588809523809524,0.184285714285714,0.11,-0.563306564654349,2.36
"up",2,"PELT inflated",0.526363636363636,0.7045,0.422857142857143,0,0.910595268913727,5.19,0.526363636363636,0.7045,0.422857142857143,0,0.910595268913727,5.19,0,0,0,0,0,0
"up",2,"SVP AR1Focus",0.536969696969697,0.689333333333333,0.442857142857143,0,0.862598805018561,5.47,0.336444444444444,0.586666666666667,0.237142857142857,0,1.64059724040845,3.78,0.200525252525252,0.102666666666667,0.205714285714286,0,-0.777998435389884,1.69
"up",2.2,"DeCAFS AR1",0.689060606060606,0.934333333333333,0.548571428571429,0,0.980198557260282,5.11,0.784088578088578,0.928833333333333,0.682857142857143,0,0.67888676522659,6.15,-0.095027972027972,0.00549999999999995,-0.134285714285714,0,0.301311792033692,-1.04
"up",2.2,"PELT AR1 approximate",0.632638355108943,0.663327200577201,0.617142857142857,0.25,0.673588809680266,7.6,0.496727272727273,0.7425,0.375714285714286,0,1.32076796490547,4.54,0.135911082381671,-0.0791727994227994,0.241428571428571,0.25,-0.647179155225201,3.06
"up",2.2,"PELT inflated",0.562286713286713,0.718333333333333,0.465714285714286,0,0.955238517319241,5.56,0.562286713286713,0.718333333333333,0.465714285714286,0,0.955238517319241,5.56,0,0,0,0,0,0
"up",2.2,"SVP AR1Focus",0.603333999333999,0.721142857142857,0.522857142857143,0.01,0.828769490146635,6.02,0.428040404040404,0.7025,0.308571428571429,0,1.57517775184523,4.05,0.175293595293595,0.0186428571428572,0.214285714285714,0.01,-0.746408261698595,1.97
"up",2.4,"DeCAFS AR1",0.736151515151515,0.9635,0.598571428571429,0,1.05889704766588,5.35,0.882291042291042,0.966761904761905,0.817142857142857,0.22,0.519420515193775,6.92,-0.146139527139527,-0.00326190476190469,-0.218571428571429,-0.22,0.539476532472105,-1.57
"up",2.4,"PELT AR1 approximate",0.683218811546211,0.646947691197691,0.738571428571429,0.25,0.512103985498052,9.08,0.520272727272727,0.7635,0.397142857142857,0,1.44353559480951,4.67,0.162946084273484,-0.116552308802309,0.341428571428571,0.25,-0.931431609311458,4.41
"up",2.4,"PELT inflated",0.628636363636364,0.755,0.541428571428571,0,0.948839530637153,6,0.628636363636364,0.755,0.541428571428571,0,0.948839530637153,6,0,0,0,0,0,0
"up",2.4,"SVP AR1Focus",0.673013653013653,0.755261904761905,0.611428571428571,0.09,0.762612860851598,6.6,0.447090909090909,0.695833333333333,0.331428571428571,0,1.68145930022345,4.34,0.225922743922744,0.0594285714285715,0.28,0.09,-0.918846439371855,2.26
"up",2.6,"DeCAFS AR1",0.797645687645688,0.984,0.674285714285714,0,1.01989960013778,5.79,0.937813186813187,0.977845238095238,0.905714285714286,0.55,0.339882569270443,7.48,-0.140167499167499,0.00615476190476194,-0.231428571428571,-0.55,0.680017030867334,-1.69
"up",2.6,"PELT AR1 approximate",0.732249534091639,0.65832659007659,0.84,0.1,0.391199712443231,10.06,0.587151515151515,0.831833333333333,0.455714285714286,0,1.53388497835809,4.86,0.145098018940124,-0.173506743256743,0.384285714285714,0.1,-1.14268526591486,5.2
"up",2.6,"PELT inflated",0.717259407259407,0.81247619047619,0.647142857142857,0.1,0.823142804420093,6.55,0.717259407259407,0.81247619047619,0.647142857142857,0.1,0.823142804420093,6.55,0,0,0,0,0,0
"up",2.6,"SVP AR1Focus",0.807432567432567,0.852119047619048,0.771428571428571,0.41,0.516508552691933,7.3,0.51069696969697,0.735166666666667,0.394285714285714,0,1.65819565285893,4.73,0.296735597735598,0.116952380952381,0.377142857142857,0.41,-1.141687100167,2.57
"up",2.8,"DeCAFS AR1",0.84997668997669,0.982333333333333,0.754285714285714,0.03,0.885861368485947,6.37,0.978241758241758,0.991190476190476,0.967142857142857,0.83,0.194308622792087,7.83,-0.128265068265068,-0.0088571428571429,-0.212857142857143,-0.8,0.69155274569386,-1.46
"up",2.8,"PELT AR1 approximate",0.730413410978426,0.617744644244644,0.902857142857143,0.01,0.268169655418823,11.36,0.585365967365967,0.801333333333333,0.464285714285714,0,1.67863757762416,5.07,0.145047443612459,-0.183588689088689,0.438571428571429,0.01,-1.41046792220533,6.29
"up",2.8,"PELT inflated",0.831263736263736,0.880238095238095,0.791428571428571,0.38,0.555131941849785,7.27,0.831263736263736,0.880238095238095,0.791428571428571,0.38,0.555131941849785,7.27,0,0,0,0,0,0
"up",2.8,"SVP AR1Focus",0.889835164835165,0.906809523809524,0.875714285714286,0.76,0.339237219156051,7.74,0.558473193473193,0.755,0.445714285714286,0,1.68627285959977,5.11,0.331361971361971,0.151809523809524,0.43,0.76,-1.34703564044372,2.63
"up",3,"DeCAFS AR1",0.938461538461538,1,0.888571428571429,0.34,0.533715691718592,7.22,0.996263736263736,0.998571428571429,0.994285714285714,0.97,0.132972118832592,7.97,-0.0578021978021978,0.00142857142857145,-0.105714285714286,-0.63,0.400743572885999,-0.75
"up",3,"PELT AR1 approximate",0.738115239078087,0.614280885780886,0.932857142857143,0,0.242263924032653,11.76,0.641941724941725,0.832166666666667,0.527142857142857,0,1.69305150481914,5.43,0.0961735141363624,-0.217885780885781,0.405714285714286,0,-1.45078758078649,6.33
"up",3,"PELT inflated",0.915201465201465,0.933380952380952,0.9,0.75,0.340456177174778,7.73,0.915201465201465,0.933380952380952,0.9,0.75,0.340456177174778,7.73,0,0,0,0,0,0
"up",3,"SVP AR1Focus",0.946813186813187,0.949761904761905,0.944285714285714,0.95,0.220559994667826,7.95,0.624888111888112,0.781166666666667,0.524285714285714,0,1.58566489408198,5.69,0.321925074925075,0.168595238095238,0.42,0.95,-1.36510489941416,2.26
"up",3.2,"DeCAFS AR1",0.962802197802198,0.998571428571429,0.932857142857143,0.57,0.390030898164817,7.54,0.997904761904762,0.997321428571429,0.998571428571429,0.99,0.112879546357937,8.01,-0.0351025641025641,0.00124999999999997,-0.0657142857142857,-0.42,0.27715135180688,-0.47
"up",3.2,"PELT AR1 approximate",0.72953216374269,0.590696192696193,0.96,0,0.199967582175942,12.47,0.690077922077922,0.846714285714286,0.588571428571429,0.02,1.65252019990563,5.9,0.039454241664768,-0.256018093018093,0.371428571428571,-0.02,-1.45255261772969,6.57
"up",3.2,"PELT inflated",0.941208791208791,0.947619047619048,0.935714285714286,0.91,0.24441153909347,7.91,0.941208791208791,0.947619047619048,0.935714285714286,0.91,0.24441153909347,7.91,0,0,0,0,0,0
"up",3.2,"SVP AR1Focus",0.966263736263736,0.966904761904762,0.965714285714286,0.99,0.173862483318249,7.99,0.668839493839494,0.774571428571429,0.592857142857143,0.03,1.41807808515352,6.26,0.297424242424242,0.192333333333333,0.372857142857143,0.96,-1.24421560183528,1.73
"up",3.4,"DeCAFS AR1",0.987794871794872,0.99875,0.978571428571429,0.84,0.215688294712956,7.86,0.998666666666667,0.9975,1,0.98,0.113837734741408,8.02,-0.0108717948717949,0.00124999999999997,-0.0214285714285715,-0.14,0.101850559971548,-0.159999999999999
"up",3.4,"PELT AR1 approximate",0.719806790818401,0.569509712509712,0.984285714285714,0,0.168732483851884,13.21,0.765552863802864,0.880742063492064,0.685714285714286,0.12,1.43304016901051,6.47,-0.0457460729844631,-0.311232350982351,0.298571428571429,-0.12,-1.26430768515862,6.74
"up",3.4,"PELT inflated",0.964285714285714,0.967619047619048,0.961428571428571,0.95,0.20737575502643,7.95,0.964285714285714,0.967619047619048,0.961428571428571,0.95,0.20737575502643,7.95,0,0,0,0,0,0
"up",3.4,"SVP AR1Focus",0.985714285714286,0.985714285714286,0.985714285714286,1,0.143898628769387,8,0.75990675990676,0.8305,0.705714285714286,0.2,1.12313568421445,6.86,0.225807525807526,0.155214285714286,0.28,0.8,-0.979237055445061,1.14
"up",3.6,"DeCAFS AR1",0.998571428571429,0.998571428571429,0.998571428571429,1,0.10703415691811,8,0.997904761904762,0.997321428571429,0.998571428571429,0.99,0.107398031593715,8.01,0.000666666666666704,0.00124999999999997,0,0.01,-0.000363874675604572,-0.00999999999999979
"up",3.6,"PELT AR1 approximate",0.700852725668313,0.547329545454545,0.98,0,0.182456231400587,13.63,0.830564685314685,0.870333333333333,0.804285714285714,0.32,0.948085619066382,7.52,-0.129711959646372,-0.323003787878788,0.175714285714286,-0.32,-0.765629387665795,6.11
"up",3.6,"PELT inflated",0.973406593406593,0.974047619047619,0.972857142857143,0.99,0.169932491997038,7.99,0.973406593406593,0.974047619047619,0.972857142857143,0.99,0.169932491997038,7.99,0,0,0,0,0,0
"up",3.6,"SVP AR1Focus",0.984285714285714,0.984285714285714,0.984285714285714,1,0.143355851066389,8,0.840531135531135,0.881428571428571,0.807142857142857,0.44,0.807146570249329,7.34,0.143754578754579,0.102857142857143,0.177142857142857,0.56,-0.663790719182939,0.66
"up",3.8,"DeCAFS AR1",0.996923076923077,1,0.994285714285714,0.96,0.148738243626497,7.96,1,1,1,1,0.11709468562365,8,-0.00307692307692309,0,-0.00571428571428567,-0.04,0.0316435580028465,-0.04
"up",3.8,"PELT AR1 approximate",0.69059649122807,0.529283216783217,0.995714285714286,0,0.147863843978782,14.21,0.885444444444444,0.890391414141414,0.89,0.36,0.698342646587006,8.07,-0.194847953216374,-0.361108197358197,0.105714285714286,-0.36,-0.550478802608224,6.14
"up",3.8,"PELT inflated",0.985714285714286,0.985714285714286,0.985714285714286,1,0.157832388217782,8,0.985714285714286,0.985714285714286,0.985714285714286,1,0.157832388217782,8,0,0,0,0,0,0
"up",3.8,"SVP AR1Focus",0.995714285714286,0.995714285714286,0.995714285714286,1,0.137180964066554,8,0.931153846153846,0.947666666666667,0.917142857142857,0.75,0.431553614601557,7.74,0.0645604395604396,0.048047619047619,0.0785714285714285,0.25,-0.294372650535003,0.26
"up",4,"DeCAFS AR1",1,1,1,1,0.116267741033878,8,1,1,1,1,0.116267741033878,8,0,0,0,0,0,0
"up",4,"PELT AR1 approximate",0.67417384370016,0.512775058275058,0.985714285714286,0,0.161230777349742,14.48,0.879439488615959,0.834488816738817,0.938571428571429,0.27,0.402442086314615,8.97,-0.2052656449158,-0.321713758463758,0.0471428571428572,-0.27,-0.241211308964873,5.51
"up",4,"PELT inflated",0.987142857142857,0.987142857142857,0.987142857142857,1,0.149535781832628,8,0.987142857142857,0.987142857142857,0.987142857142857,1,0.149535781832628,8,0,0,0,0,0,0
"up",4,"SVP AR1Focus",0.998571428571429,0.998571428571429,0.998571428571429,1,0.12926939754793,8,0.977912087912088,0.98047619047619,0.975714285714286,0.96,0.196519122204468,7.96,0.0206593406593406,0.0180952380952381,0.0228571428571428,0.04,-0.0672497246565386,0.04
"up",4.2,"DeCAFS AR1",1,1,1,1,0.116010743612625,8,0.998,0.99625,1,0.97,0.117242597655758,8.03,0.002,0.00375000000000003,0,0.03,-0.00123185404313308,-0.0299999999999994
"up",4.2,"PELT AR1 approximate",0.675511961722488,0.511115384615385,0.997142857142857,0,0.14240918770992,14.68,0.883918444300797,0.812654401154401,0.977142857142857,0.16,0.261634827415731,9.54,-0.208406482578309,-0.301539016539016,0.02,-0.16,-0.119225639705811,5.14
"up",4.2,"PELT inflated",0.991428571428571,0.991428571428571,0.991428571428571,1,0.14668733577125,8,0.991428571428571,0.991428571428571,0.991428571428571,1,0.14668733577125,8,0,0,0,0,0,0
"up",4.2,"SVP AR1Focus",1,1,1,1,0.124519416413661,8,0.990659340659341,0.991428571428571,0.99,0.99,0.15687356702594,7.99,0.00934065934065931,0.00857142857142856,0.01,0.01,-0.0323541506122791,0.00999999999999979
"up",4.4,"DeCAFS AR1",1,1,1,1,0.1147205966178,8,0.999333333333333,0.99875,1,0.99,0.115094826225766,8.01,0.000666666666666704,0.00124999999999997,0,0.01,-0.000374229607966195,-0.00999999999999979
"up",4.4,"PELT AR1 approximate",0.67215629984051,0.506423076923077,1,0,0.136664653013341,14.84,0.860211865447934,0.765227994227994,0.991428571428571,0.06,0.221352217823694,10.22,-0.188055565607423,-0.258804917304917,0.00857142857142856,-0.06,-0.0846875648103533,4.62
"up",4.4,"PELT inflated",0.998571428571429,0.998571428571429,0.998571428571429,1,0.129514712713677,8,0.998571428571429,0.998571428571429,0.998571428571429,1,0.129514712713677,8,0,0,0,0,0,0
"up",4.4,"SVP AR1Focus",0.998571428571429,0.998571428571429,0.998571428571429,1,0.123712472982126,8,0.998571428571429,0.998571428571429,0.998571428571429,1,0.128345258331646,8,0,0,0,0,-0.00463278534951976,0
"up",4.6,"DeCAFS AR1",1,1,1,1,0.113749796655051,8,0.998666666666667,0.9975,1,0.98,0.114327578560153,8.02,0.0013333333333333,0.00249999999999995,0,0.02,-0.000577781905102104,-0.0199999999999996
"up",4.6,"PELT AR1 approximate",0.666571805006588,0.500016025641026,1,0,0.13332623079897,15.01,0.823772445820433,0.708995726495727,0.991428571428571,0.01,0.204583871030786,10.93,-0.157200640813846,-0.208979700854701,0.00857142857142856,-0.01,-0.071257640231816,4.08
"up",4.6,"PELT inflated",0.994285714285714,0.994285714285714,0.994285714285714,1,0.1303851847613,8,0.994285714285714,0.994285714285714,0.994285714285714,1,0.1303851847613,8,0,0,0,0,0,0
"up",4.6,"SVP AR1Focus",1,1,1,1,0.116525319381349,8,0.994285714285714,0.994285714285714,0.994285714285714,1,0.129617511469875,8,0.00571428571428567,0.00571428571428567,0.00571428571428567,0,-0.013092192088526,0
"up",4.8,"DeCAFS AR1",1,1,1,1,0.103749197769164,8,0.999333333333333,0.99875,1,0.99,0.103884041568881,8.01,0.000666666666666704,0.00124999999999997,0,0.01,-0.000134843799716775,-0.00999999999999979
"up",4.8,"PELT AR1 approximate",0.668333333333333,0.502307692307692,0.998571428571429,0,0.118737835754588,14.92,0.786315408619588,0.655990426240426,0.99,0.01,0.186781638468154,11.71,-0.117982075286255,-0.153682733932734,0.00857142857142856,-0.01,-0.0680438027135665,3.21
"up",4.8,"PELT inflated",0.998571428571429,0.998571428571429,0.998571428571429,1,0.112924682628119,8,0.998571428571429,0.998571428571429,0.998571428571429,1,0.112924682628119,8,0,0,0,0,0,0
"up",4.8,"SVP AR1Focus",1,1,1,1,0.110087330516117,8,0.998571428571429,0.998571428571429,0.998571428571429,1,0.112924682628119,8,0.00142857142857145,0.00142857142857145,0.00142857142857145,0,-0.00283735211200128,0
"up",5,"DeCAFS AR1",1,1,1,1,0.114075401431007,8,0.999333333333333,0.99875,1,0.99,0.116275028339614,8.01,0.000666666666666704,0.00124999999999997,0,0.01,-0.00219962690860723,-0.00999999999999979
"up",5,"PELT AR1 approximate",0.666424242424242,0.499769230769231,1,0,0.129899625503323,15.01,0.757427588579291,0.613035353535354,0.997142857142857,0,0.173031558546504,12.5,-0.091003346155049,-0.113266122766123,0.00285714285714289,0,-0.0431319330431816,2.51
"up",5,"PELT inflated",1,1,1,1,0.123729595172871,8,1,1,1,1,0.123729595172871,8,0,0,0,0,0,0
"up",5,"SVP AR1Focus",1,1,1,1,0.119115494400806,8,1,1,1,1,0.121282006292573,8,0,0,0,0,-0.00216651189176767,0
"updown",1,"DeCAFS AR1",0,0,0,0,0.262924813634207,1.01,0.0025,0.01,0.00142857142857143,0,0.267210938150136,1.12,-0.0025,-0.01,-0.00142857142857143,0,-0.00428612451592841,-0.11
"updown",1,"PELT AR1 approximate",0.0191666666666667,0.065,0.0114285714285714,0,0.273878233016088,1.15,0,0,0,0,0.26264169688517,1,0.0191666666666667,0.065,0.0114285714285714,0,0.0112365361309175,0.15
"updown",1,"PELT inflated",0,0,0,0,0.263660450089736,1.01,0,0,0,0,0.263660450089736,1.01,0,0,0,0,0,0
"updown",1,"SVP AR1Focus",0.0175,0.07,0.01,0,0.269063256490826,1.13,0,0,0,0,0.26264169688517,1,0.0175,0.07,0.01,0,0.00642155960565555,0.13
"updown",1.2,"DeCAFS AR1",0,0,0,0,0.376072398938737,1,0.005,0.02,0.00285714285714285,0,0.376580495888346,1.06,-0.005,-0.02,-0.00285714285714285,0,-0.000508096949609071,-0.06
"updown",1.2,"PELT AR1 approximate",0.0166153846153846,0.0483333333333333,0.0114285714285714,0,0.383525086273237,1.2,0,0,0,0,0.376072398938737,1,0.0166153846153846,0.0483333333333333,0.0114285714285714,0,0.00745268733449983,0.2
"updown",1.2,"PELT inflated",0,0,0,0,0.376072398938737,1,0,0,0,0,0.376072398938737,1,0,0,0,0,0,0
"updown",1.2,"SVP AR1Focus",0.0294444444444444,0.11,0.0171428571428571,0,0.381250345362278,1.22,0,0,0,0,0.376072398938737,1,0.0294444444444444,0.11,0.0171428571428571,0,0.00517794642354141,0.22
"updown",1.4,"DeCAFS AR1",0,0,0,0,0.504861112984995,1,0.0169444444444445,0.06,0.01,0,0.506628156947603,1.15,-0.0169444444444445,-0.06,-0.01,0,-0.00176704396260796,-0.15
"updown",1.4,"PELT AR1 approximate",0.0557828282828283,0.139166666666667,0.0371428571428571,0,0.511426079982472,1.53,0,0,0,0,0.504861112984995,1,0.0557828282828283,0.139166666666667,0.0371428571428571,0,0.00656496699747755,0.53
"updown",1.4,"PELT inflated",0.005,0.02,0.00285714285714285,0,0.506056629821516,1.02,0.005,0.02,0.00285714285714285,0,0.506056629821516,1.02,0,0,0,0,0,0
"updown",1.4,"SVP AR1Focus",0.0601666666666667,0.215,0.0357142857142857,0,0.50588683673313,1.54,0,0,0,0,0.504861112984995,1,0.0601666666666667,0.215,0.0357142857142857,0,0.0010257237481347,0.54
"updown",1.6,"DeCAFS AR1",0.01,0.04,0.00571428571428571,0,0.655180123683269,1.06,0.0389444444444444,0.143333333333333,0.0228571428571429,0,0.647295963447455,1.25,-0.0289444444444444,-0.103333333333333,-0.0171428571428571,0,0.00788416023581417,-0.19
"updown",1.6,"PELT AR1 approximate",0.107334498834499,0.214833333333333,0.0785714285714286,0.02,0.639999032862125,2.11,0,0,0,0,0.65697370015634,1,0.107334498834499,0.214833333333333,0.0785714285714286,0.02,-0.0169746672942152,1.11
"updown",1.6,"PELT inflated",0.0075,0.03,0.00428571428571429,0,0.657466907947733,1.04,0.0075,0.03,0.00428571428571429,0,0.657466907947733,1.04,0,0,0,0,0,0
"updown",1.6,"SVP AR1Focus",0.0890555555555556,0.291666666666667,0.0542857142857143,0,0.640429563803302,1.83,0.005,0.02,0.00285714285714285,0,0.656070675434173,1.02,0.0840555555555556,0.271666666666667,0.0514285714285714,0,-0.0156411116308712,0.81
"updown",1.8,"DeCAFS AR1",0.005,0.02,0.00285714285714285,0,0.82026555988078,1.04,0.0647222222222222,0.255,0.0371428571428571,0,0.799382293076292,1.33,-0.0597222222222222,-0.235,-0.0342857142857143,0,0.0208832668044879,-0.29
"updown",1.8,"PELT AR1 approximate",0.185858696858697,0.30102380952381,0.145714285714286,0.00999999999999999,0.750709945790729,2.84,0,0,0,0,0.821675105587757,1,0.185858696858697,0.30102380952381,0.145714285714286,0.00999999999999999,-0.0709651597970273,1.84
"updown",1.8,"PELT inflated",0.014,0.0466666666666667,0.00857142857142858,0,0.82126560376586,1.12,0.014,0.0466666666666667,0.00857142857142858,0,0.82126560376586,1.12,0,0,0,0,0,0
"updown",1.8,"SVP AR1Focus",0.189550505050505,0.467666666666667,0.124285714285714,0,0.760905426937205,2.54,0.005,0.02,0.00285714285714285,0,0.820440465121782,1.03,0.184550505050505,0.447666666666667,0.121428571428571,0,-0.0595350381845767,1.51
"updown",2,"DeCAFS AR1",0.0225,0.09,0.0128571428571429,0,1.00223604914751,1.14,0.107833333333333,0.356666666666667,0.0657142857142857,0,0.957850904031057,1.56,-0.0853333333333334,-0.266666666666667,-0.0528571428571428,0,0.0443851451164489,-0.42
"updown",2,"PELT AR1 approximate",0.418083279465632,0.580892857142857,0.368571428571429,0.08,0.708856036040425,5.03,0,0,0,0,1.01495120725585,1,0.418083279465632,0.580892857142857,0.368571428571429,0.08,-0.306095171215425,4.03
"updown",2,"PELT inflated",0.0431111111111111,0.141333333333333,0.0271428571428571,0,0.996652499907558,1.29,0.0431111111111111,0.141333333333333,0.0271428571428571,0,0.996652499907558,1.29,0,0,0,0,0,0
"updown",2,"SVP AR1Focus",0.342557498057498,0.57,0.258571428571429,0,0.815333369215472,3.85,0.0175,0.07,0.01,0,1.00943329582861,1.09,0.325057498057498,0.5,0.248571428571429,0,-0.194099926613141,2.76
"updown",2.2,"DeCAFS AR1",0.045,0.18,0.0257142857142857,0,1.19532942134279,1.22,0.239725718725719,0.601333333333333,0.165714285714286,0.01,1.06637865908596,2.27,-0.194725718725719,-0.421333333333333,-0.14,-0.01,0.128950762256833,-1.05
"updown",2.2,"PELT AR1 approximate",0.59415097810686,0.661972222222222,0.588571428571429,0.16,0.583185852219927,7.18,0.0025,0.01,0.00142857142857143,0,1.22339215622331,1.02,0.59165097810686,0.651972222222222,0.587142857142857,0.16,-0.640206304003382,6.16
"updown",2.2,"PELT inflated",0.0953888888888888,0.244666666666667,0.0642857142857143,0,1.17074457129691,1.53,0.0953888888888888,0.244666666666667,0.0642857142857143,0,1.17074457129691,1.53,0,0,0,0,0,0
"updown",2.2,"SVP AR1Focus",0.48749173049173,0.673142857142857,0.404285714285714,0.03,0.803774583679141,5.13,0.0225,0.09,0.0128571428571429,0,1.20805418407405,1.15,0.46499173049173,0.583142857142857,0.391428571428571,0.03,-0.404279600394908,3.98
"updown",2.4,"DeCAFS AR1",0.0619444444444444,0.24,0.0357142857142857,0,1.41110051849137,1.28,0.410140581640582,0.750071428571429,0.315714285714286,0.05,1.07817125014072,3.33,-0.348196137196137,-0.510071428571429,-0.28,-0.05,0.332929268350654,-2.05
"updown",2.4,"PELT AR1 approximate",0.683605881047058,0.663415584415584,0.722857142857143,0.18,0.473657849625623,8.63,0.0125,0.05,0.00714285714285714,0,1.44988298435818,1.05,0.671105881047058,0.613415584415585,0.715714285714286,0.18,-0.97622513473256,7.58
"updown",2.4,"PELT inflated",0.213050505050505,0.471,0.151428571428571,0.01,1.27711898457721,2.25,0.213050505050505,0.471,0.151428571428571,0.01,1.27711898457721,2.25,0,0,0,0,0,0
"updown",2.4,"SVP AR1Focus",0.6545337995338,0.741833333333333,0.597142857142857,0.23,0.681284426783798,6.4,0.0696111111111111,0.245,0.0414285714285714,0,1.41080441453199,1.45,0.584922688422688,0.496833333333333,0.555714285714286,0.23,-0.729519987748193,4.95
"updown",2.6,"DeCAFS AR1",0.1235,0.48,0.0714285714285714,0,1.60093245434478,1.51,0.636856199356199,0.915238095238095,0.537142857142857,0.17,0.902848817103023,4.79,-0.513356199356199,-0.435238095238095,-0.465714285714286,-0.17,0.698083637241755,-3.28
"updown",2.6,"PELT AR1 approximate",0.717180345540253,0.653431873681874,0.81,0.11,0.392388080741255,9.77,0.0025,0.00999999999999999,0.00142857142857143,0,1.70992324363274,1.01,0.714680345540253,0.643431873681874,0.808571428571428,0.11,-1.31753516289148,8.76
"updown",2.6,"PELT inflated",0.324223665223665,0.63847619047619,0.241428571428571,0.04,1.35070009306163,2.9,0.324223665223665,0.63847619047619,0.241428571428571,0.04,1.35070009306163,2.9,0,0,0,0,0,0
"updown",2.6,"SVP AR1Focus",0.754574425574426,0.808547619047619,0.717142857142857,0.48,0.556097357806107,7.11,0.0875,0.291666666666667,0.0528571428571429,0,1.6168490019368,1.72,0.667074425574426,0.516880952380952,0.664285714285714,0.48,-1.06075164413069,5.39
"updown",2.8,"DeCAFS AR1",0.177222222222222,0.53,0.112857142857143,0,1.78119631395514,1.8,0.865672438672439,0.988571428571429,0.808571428571429,0.55,0.49618951546984,6.67,-0.688450216450216,-0.458571428571429,-0.695714285714286,-0.55,1.2850067984853,-4.87
"updown",2.8,"PELT AR1 approximate",0.738229451834715,0.627837107337107,0.907142857142857,0.01,0.260276635308466,11.27,0.02,0.08,0.0114285714285714,0,1.95653257046657,1.1,0.718229451834715,0.547837107337107,0.895714285714286,0.01,-1.69625593515811,10.17
"updown",2.8,"PELT inflated",0.50520313020313,0.739404761904762,0.424285714285714,0.17,1.20781677962067,4.26,0.50520313020313,0.739404761904762,0.424285714285714,0.17,1.20781677962067,4.26,0,0,0,0,0,0
"updown",2.8,"SVP AR1Focus",0.894652014652015,0.90752380952381,0.884285714285714,0.83,0.288833431021249,7.79,0.151873737373737,0.355,0.101428571428571,0,1.76890579935327,2.34,0.742778277278277,0.55252380952381,0.782857142857143,0.83,-1.48007236833202,5.45
"updown",3,"DeCAFS AR1",0.345939393939394,0.78,0.247142857142857,0.03,1.77125210177013,2.73,0.965395271395271,0.991785714285714,0.95,0.85,0.22512189406327,7.71,-0.619455877455877,-0.211785714285714,-0.702857142857143,-0.82,1.54613020770686,-4.98
"updown",3,"PELT AR1 approximate",0.734993464052288,0.607304972804973,0.938571428571429,0,0.23440461366693,11.93,0.0793989898989899,0.2255,0.0528571428571429,0,2.17119415022513,1.4,0.655594474153298,0.381804972804973,0.885714285714286,0,-1.9367895365582,10.53
"updown",3,"PELT inflated",0.722421356421356,0.900380952380952,0.661428571428571,0.45,0.848196865672367,5.91,0.722421356421356,0.900380952380952,0.661428571428571,0.45,0.848196865672367,5.91,0,0,0,0,0,0
"updown",3,"SVP AR1Focus",0.939304029304029,0.943714285714286,0.935714285714286,0.94,0.225402906374685,7.93,0.256433566433566,0.449833333333333,0.19,0,1.81199766092414,3.45,0.682870462870463,0.493880952380952,0.745714285714286,0.94,-1.58659475454946,4.48
"updown",3.2,"DeCAFS AR1",0.511616161616162,0.8675,0.415714285714286,0.12,1.61120563375629,3.92,0.996238095238095,0.997321428571429,0.995714285714286,0.98,0.126903849266281,7.99,-0.484621933621934,-0.129821428571429,-0.58,-0.86,1.48430178449001,-4.07
"updown",3.2,"PELT AR1 approximate",0.745624183006536,0.611741064491064,0.964285714285714,0,0.204249082065978,12.2,0.130815462315462,0.351666666666667,0.0857142857142857,0,2.39644581423459,1.68,0.614808720691074,0.260074397824398,0.878571428571429,0,-2.19219673216861,10.52
"updown",3.2,"PELT inflated",0.865562604062604,0.944595238095238,0.828571428571429,0.68,0.537838021213353,7.08,0.865562604062604,0.944595238095238,0.828571428571429,0.68,0.537838021213353,7.08,0,0,0,0,0,0
"updown",3.2,"SVP AR1Focus",0.973296703296703,0.973809523809524,0.972857142857143,0.99,0.175263327615203,7.99,0.410324397824398,0.5625,0.338571428571429,0.03,1.74695760536967,4.62,0.562972305472305,0.411309523809524,0.634285714285714,0.96,-1.57169427775447,3.37
"updown",3.4,"DeCAFS AR1",0.800720668220668,0.97,0.741428571428571,0.51,0.882574765377925,6.19,0.996,0.9925,1,0.94,0.11580001360188,8.06,-0.195279331779332,-0.0225000000000001,-0.258571428571429,-0.43,0.766774751776045,-1.87
"updown",3.4,"PELT AR1 approximate",0.70844610970385,0.560434731934732,0.971428571428571,0,0.190108969842206,13.28,0.244984737484737,0.459892857142857,0.194285714285714,0.04,2.38356694426269,2.59,0.463461372219112,0.100541874791875,0.777142857142857,-0.04,-2.19345797442048,10.69
"updown",3.4,"PELT inflated",0.938291042291042,0.963761904761905,0.921428571428571,0.85,0.32390882673875,7.69,0.938291042291042,0.963761904761905,0.921428571428571,0.85,0.32390882673875,7.69,0,0,0,0,0,0
"updown",3.4,"SVP AR1Focus",0.981428571428571,0.981428571428571,0.981428571428571,1,0.161575365851247,8,0.579450993450993,0.669904761904762,0.524285714285714,0.14,1.3923011533418,6,0.401977577977578,0.31152380952381,0.457142857142857,0.86,-1.23072578749055,2
"updown",3.6,"DeCAFS AR1",0.94083682983683,1,0.914285714285714,0.8,0.409497155100902,7.4,0.997,0.9975,0.997142857142857,0.97,0.13106713995584,8,-0.0561631701631702,0.00249999999999995,-0.0828571428571429,-0.17,0.278430015145063,-0.6
"updown",3.6,"PELT AR1 approximate",0.695121868843231,0.539558275058275,0.981428571428571,0,0.177675227307795,13.81,0.444004884004884,0.703130952380952,0.38,0.19,2.08712940736293,4.05,0.251116984838347,-0.163572677322677,0.601428571428571,-0.19,-1.90945418005513,9.76
"updown",3.6,"PELT inflated",0.954452380952381,0.972285714285714,0.947142857142857,0.94,0.267053425709436,7.82,0.954452380952381,0.972285714285714,0.947142857142857,0.94,0.267053425709436,7.82,0,0,0,0,0,0
"updown",3.6,"SVP AR1Focus",0.99,0.99,0.99,1,0.150935704708236,8,0.81827972027972,0.864666666666667,0.785714285714286,0.53,0.793771220145258,7.21,0.17172027972028,0.125333333333333,0.204285714285714,0.47,-0.642835515437022,0.79
"updown",3.8,"DeCAFS AR1",0.984772727272727,1,0.978571428571429,0.95,0.188949279425304,7.85,0.999333333333333,0.99875,1,0.99,0.107157231294218,8.01,-0.0145606060606061,0.00124999999999997,-0.0214285714285715,-0.04,0.0817920481310855,-0.16
"updown",3.8,"PELT AR1 approximate",0.683260812458955,0.523501165501166,0.987142857142857,0,0.152767756938452,14.26,0.720807445822152,0.811519841269841,0.71,0.26,1.16074535933988,6.88,-0.0375466333631969,-0.288018675768676,0.277142857142857,-0.26,-1.00797760240143,7.38
"updown",3.8,"PELT inflated",0.983516483516483,0.984285714285714,0.982857142857143,0.99,0.163704468033138,7.99,0.983516483516483,0.984285714285714,0.982857142857143,0.99,0.163704468033138,7.99,0,0,0,0,0,0
"updown",3.8,"SVP AR1Focus",0.995714285714286,0.995714285714286,0.995714285714286,1,0.12717930164985,8,0.938206793206793,0.950857142857143,0.928571428571429,0.84,0.34797318315314,7.79,0.0575074925074924,0.0448571428571428,0.0671428571428571,0.16,-0.22079388150329,0.21
"updown",4,"DeCAFS AR1",0.994545454545455,1,0.991428571428571,0.98,0.162315120917169,7.94,0.999333333333333,0.99875,1,0.99,0.122529018600287,8.01,-0.00478787878787879,0.00124999999999997,-0.00857142857142856,-0.01,0.0397861023168823,-0.0699999999999994
"updown",4,"PELT AR1 approximate",0.679844003949267,0.517343989343989,0.992857142857143,0,0.162167901881441,14.46,0.84043923886571,0.839380952380952,0.874285714285714,0.25,0.656829524701263,8.38,-0.160595234916442,-0.322036963036963,0.118571428571429,-0.25,-0.494661622819822,6.08
"updown",4,"PELT inflated",0.982857142857143,0.982857142857143,0.982857142857143,1,0.162732534327711,8,0.982857142857143,0.982857142857143,0.982857142857143,1,0.162732534327711,8,0,0,0,0,0,0
"updown",4,"SVP AR1Focus",0.995714285714286,0.995714285714286,0.995714285714286,1,0.138468371803403,8,0.974065934065934,0.977142857142857,0.971428571428571,0.95,0.214820084540112,7.95,0.0216483516483515,0.0185714285714286,0.0242857142857142,0.05,-0.0763517127367087,0.0499999999999998
"updown",4.2,"DeCAFS AR1",0.998333333333333,1,0.997142857142857,0.99,0.128805941904489,7.98,0.998666666666667,0.9975,1,0.98,0.115382951898037,8.02,-0.000333333333333408,0.00249999999999995,-0.00285714285714289,0.01,0.0134229900064515,-0.0399999999999991
"updown",4.2,"PELT AR1 approximate",0.675738740791372,0.511871961371961,0.995714285714286,0,0.148690019859965,14.65,0.86132123268888,0.808340909090909,0.935714285714286,0.16,0.420318014949169,9.21,-0.185582491897507,-0.296468947718948,0.0599999999999999,-0.16,-0.271627995089204,5.44
"updown",4.2,"PELT inflated",0.992857142857143,0.992857142857143,0.992857142857143,1,0.145743184185668,8,0.992857142857143,0.992857142857143,0.992857142857143,1,0.145743184185668,8,0,0,0,0,0,0
"updown",4.2,"SVP AR1Focus",0.997142857142857,0.997142857142857,0.997142857142857,1,0.128743681473789,8,0.98952380952381,0.990857142857143,0.988571428571429,0.99,0.163009267138825,7.98,0.00761904761904764,0.00628571428571423,0.00857142857142856,0.01,-0.034265585665036,0.0199999999999996
"updown",4.4,"DeCAFS AR1",1,1,1,1,0.109996928165485,8,0.998666666666667,0.9975,1,0.98,0.110882952493796,8.02,0.0013333333333333,0.00249999999999995,0,0.02,-0.000886024328311558,-0.0199999999999996
"updown",4.4,"PELT AR1 approximate",0.668541501976285,0.502272435897436,1,0,0.131924721863542,14.95,0.844528772912674,0.749413891663892,0.98,0.07,0.262831989973073,10.34,-0.175987270936389,-0.247141455766456,0.02,-0.07,-0.130907268109531,4.61
"updown",4.4,"PELT inflated",0.994047619047619,0.995714285714286,0.992857142857143,0.99,0.13925820863108,7.98,0.994047619047619,0.995714285714286,0.992857142857143,0.99,0.13925820863108,7.98,0,0,0,0,0,0
"updown",4.4,"SVP AR1Focus",1,1,1,1,0.115372391653415,8,0.996373626373626,0.997142857142857,0.995714285714286,0.99,0.132360189036702,7.99,0.00362637362637364,0.00285714285714289,0.00428571428571434,0.01,-0.0169877973832869,0.00999999999999979
"updown",4.6,"DeCAFS AR1",1,1,1,1,0.112967186432852,8,0.998666666666667,0.9975,1,0.98,0.114186530472859,8.02,0.0013333333333333,0.00249999999999995,0,0.02,-0.00121934404000712,-0.0199999999999996
"updown",4.6,"PELT AR1 approximate",0.669701754385965,0.503525641025641,1,0,0.128307244950878,14.91,0.823920364637083,0.709637140637141,0.991428571428571,0.02,0.205396257394329,10.93,-0.154218610251118,-0.2061114996115,0.00857142857142856,-0.02,-0.0770890124434513,3.98
"updown",4.6,"PELT inflated",0.994285714285714,0.994285714285714,0.994285714285714,1,0.135672391493001,8,0.994285714285714,0.994285714285714,0.994285714285714,1,0.135672391493001,8,0,0,0,0,0,0
"updown",4.6,"SVP AR1Focus",1,1,1,1,0.11810434311045,8,0.997142857142857,0.997142857142857,0.997142857142857,1,0.129062558051745,8,0.00285714285714289,0.00285714285714289,0.00285714285714289,0,-0.010958214941295,0
"updown",4.8,"DeCAFS AR1",1,1,1,1,0.108380620139912,8,0.998,0.99625,1,0.97,0.10972377122362,8.03,0.002,0.00375000000000003,0,0.03,-0.00134315108370787,-0.0299999999999994
"updown",4.8,"PELT AR1 approximate",0.667424242424242,0.500923076923077,1,0,0.123553102745481,14.98,0.790571637426901,0.661074397824398,0.992857142857143,0.01,0.190793504338766,11.68,-0.123147395002658,-0.160151320901321,0.00714285714285712,-0.01,-0.067240401593285,3.3
"updown",4.8,"PELT inflated",1,1,1,1,0.114924779833915,8,1,1,1,1,0.114924779833915,8,0,0,0,0,0,0
"updown",4.8,"SVP AR1Focus",1,1,1,1,0.111224521675998,8,1,1,1,1,0.11405454342875,8,0,0,0,0,-0.00283002175275222,0
"updown",5,"DeCAFS AR1",1,1,1,1,0.119778785743599,8,0.999333333333333,0.99875,1,0.99,0.119970989180436,8.01,0.000666666666666704,0.00124999999999997,0,0.01,-0.000192203436837374,-0.00999999999999979
"updown",5,"PELT AR1 approximate",0.665484848484848,0.498717948717949,1,0,0.14027664166414,15.04,0.759771978967025,0.617906315906316,0.994285714285714,0.00999999999999999,0.19364137301047,12.4,-0.094287130482177,-0.119188367188367,0.00571428571428567,-0.00999999999999999,-0.0533647313463301,2.64
"updown",5,"PELT inflated",1,1,1,1,0.128568500266689,8,1,1,1,1,0.128568500266689,8,0,0,0,0,0,0
"updown",5,"SVP AR1Focus",1,1,1,1,0.122240374092939,8,1,1,1,1,0.127643382801266,8,0,0,0,0,-0.0054030087083269,0
