"experiment","n","k","rep","penalty_svp","penalty_pelt","method","time","detected"
"vary_k",2000,0,1,30.4036098381683,15.2018049190842,"PELT",0.00499999999999989,1
"vary_k",2000,0,1,30.4036098381683,15.2018049190842,"SVP FOCuS",0.138,1
"vary_k",2000,1,1,30.4036098381683,15.2018049190842,"PELT",0.00199999999999978,2
"vary_k",2000,1,1,30.4036098381683,15.2018049190842,"SVP FOCuS",0.0710000000000006,2
"vary_k",2000,2,1,30.4036098381683,15.2018049190842,"PELT",0.00199999999999978,3
"vary_k",2000,2,1,30.4036098381683,15.2018049190842,"SVP FOCuS",0.048,3
"vary_k",2000,3,1,30.4036098381683,15.2018049190842,"PELT",0.00199999999999978,4
"vary_k",2000,3,1,30.4036098381683,15.2018049190842,"SVP FOCuS",0.04,4
"vary_k",2000,4,1,30.4036098381683,15.2018049190842,"PELT",0.000999999999999446,5
"vary_k",2000,4,1,30.4036098381683,15.2018049190842,"SVP FOCuS",0.0309999999999997,5
"vary_k",2000,5,1,30.4036098381683,15.2018049190842,"PELT",0.00100000000000033,6
"vary_k",2000,5,1,30.4036098381683,15.2018049190842,"SVP FOCuS",0.0270000000000001,6
"vary_k",2000,6,1,30.4036098381683,15.2018049190842,"PELT",0.00199999999999978,7
"vary_k",2000,6,1,30.4036098381683,15.2018049190842,"SVP FOCuS",0.024,7
"vary_k",2000,7,1,30.4036098381683,15.2018049190842,"PELT",0.00100000000000033,8
"vary_k",2000,7,1,30.4036098381683,15.2018049190842,"SVP FOCuS",0.0200000000000005,8
"vary_k",2000,8,1,30.4036098381683,15.2018049190842,"PELT",0.000999999999999446,9
"vary_k",2000,8,1,30.4036098381683,15.2018049190842,"SVP FOCuS",0.0190000000000001,9
"vary_k",2000,9,1,30.4036098381683,15.2018049190842,"PELT",0.00400000000000045,10
"vary_k",2000,9,1,30.4036098381683,15.2018049190842,"SVP FOCuS",0.0170000000000003,10
"vary_k",2000,10,1,30.4036098381683,15.2018049190842,"PELT",0.00100000000000033,11
"vary_k",2000,10,1,30.4036098381683,15.2018049190842,"SVP FOCuS",0.016,11
"vary_k",2000,11,1,30.4036098381683,15.2018049190842,"PELT",0.00100000000000033,12
"vary_k",2000,11,1,30.4036098381683,15.2018049190842,"SVP FOCuS",0.0140000000000002,12
"vary_k",2000,12,1,30.4036098381683,15.2018049190842,"PELT",0.00199999999999889,13
"vary_k",2000,12,1,30.4036098381683,15.2018049190842,"SVP FOCuS",0.0150000000000006,13
"vary_k",2000,13,1,30.4036098381683,15.2018049190842,"PELT",0.000999999999999446,14
"vary_k",2000,13,1,30.4036098381683,15.2018049190842,"SVP FOCuS",0.0129999999999999,14
"vary_k",2000,14,1,30.4036098381683,15.2018049190842,"PELT",0.00199999999999889,15
"vary_k",2000,14,1,30.4036098381683,15.2018049190842,"SVP FOCuS",0.0120000000000005,15
"vary_k",2000,15,1,30.4036098381683,15.2018049190842,"PELT",0.000999999999999446,16
"vary_k",2000,15,1,30.4036098381683,15.2018049190842,"SVP FOCuS",0.0119999999999987,16
"vary_k",2000,16,1,30.4036098381683,15.2018049190842,"PELT",0,17
"vary_k",2000,16,1,30.4036098381683,15.2018049190842,"SVP FOCuS",0.0109999999999992,17
"vary_k",2000,17,1,30.4036098381683,15.2018049190842,"PELT",0.000999999999999446,18
"vary_k",2000,17,1,30.4036098381683,15.2018049190842,"SVP FOCuS",0.0100000000000016,18
"vary_k",2000,18,1,30.4036098381683,15.2018049190842,"PELT",0.000999999999999446,19
"vary_k",2000,18,1,30.4036098381683,15.2018049190842,"SVP FOCuS",0.0100000000000016,19
"vary_k",2000,19,1,30.4036098381683,15.2018049190842,"PELT",0.000999999999999446,20
"vary_k",2000,19,1,30.4036098381683,15.2018049190842,"SVP FOCuS",0.00999999999999979,20
"vary_k",2000,20,1,30.4036098381683,15.2018049190842,"PELT",0.000999999999999446,21
"vary_k",2000,20,1,30.4036098381683,15.2018049190842,"SVP FOCuS",0.0100000000000016,21
"vary_k",2000,21,1,30.4036098381683,15.2018049190842,"PELT",0.000999999999999446,22
"vary_k",2000,21,1,30.4036098381683,15.2018049190842,"SVP FOCuS",0.00999999999999979,22
"vary_k",2000,22,1,30.4036098381683,15.2018049190842,"PELT",0.00100000000000122,24
"vary_k",2000,22,1,30.4036098381683,15.2018049190842,"SVP FOCuS",0.0100000000000016,23
"vary_k",2000,23,1,30.4036098381683,15.2018049190842,"PELT",0.000999999999999446,24
"vary_k",2000,23,1,30.4036098381683,15.2018049190842,"SVP FOCuS",0.00999999999999979,24
"vary_k",2000,24,1,30.4036098381683,15.2018049190842,"PELT",0.00199999999999889,25
"vary_k",2000,24,1,30.4036098381683,15.2018049190842,"SVP FOCuS",0.00900000000000034,25
"vary_k",2000,25,1,30.4036098381683,15.2018049190842,"PELT",0.00100000000000122,26
"vary_k",2000,25,1,30.4036098381683,15.2018049190842,"SVP FOCuS",0.00900000000000034,26
"vary_k",2000,26,1,30.4036098381683,15.2018049190842,"PELT",0.000999999999999446,27
"vary_k",2000,26,1,30.4036098381683,15.2018049190842,"SVP FOCuS",0.00899999999999856,27
"vary_k",2000,27,1,30.4036098381683,15.2018049190842,"PELT",0.000999999999999446,28
"vary_k",2000,27,1,30.4036098381683,15.2018049190842,"SVP FOCuS",0.00899999999999856,28
"vary_k",2000,28,1,30.4036098381683,15.2018049190842,"PELT",0.00100000000000122,29
"vary_k",2000,28,1,30.4036098381683,15.2018049190842,"SVP FOCuS",0.00900000000000034,29
"vary_k",2000,29,1,30.4036098381683,15.2018049190842,"PELT",0.00100000000000122,30
"vary_k",2000,29,1,30.4036098381683,15.2018049190842,"SVP FOCuS",0.00799999999999912,30
"vary_k",2000,30,1,30.4036098381683,15.2018049190842,"PELT",0.000999999999999446,31
"vary_k",2000,30,1,30.4036098381683,15.2018049190842,"SVP FOCuS",0.00799999999999912,31
"vary_k",2000,31,1,30.4036098381683,15.2018049190842,"PELT",0.000999999999999446,32
"vary_k",2000,31,1,30.4036098381683,15.2018049190842,"SVP FOCuS",0.0100000000000016,32
"vary_k",2000,32,1,30.4036098381683,15.2018049190842,"PELT",0.000999999999999446,33
"vary_k",2000,32,1,30.4036098381683,15.2018049190842,"SVP FOCuS",0.0080000000000009,33
"vary_k",2000,33,1,30.4036098381683,15.2018049190842,"PELT",0.00100000000000122,34
"vary_k",2000,33,1,30.4036098381683,15.2018049190842,"SVP FOCuS",0.00699999999999967,34
"vary_k",2000,34,1,30.4036098381683,15.2018049190842,"PELT",0,35
"vary_k",2000,34,1,30.4036098381683,15.2018049190842,"SVP FOCuS",0.0080000000000009,35
"vary_k",2000,35,1,30.4036098381683,15.2018049190842,"PELT",0.00100000000000122,36
"vary_k",2000,35,1,30.4036098381683,15.2018049190842,"SVP FOCuS",0.00699999999999967,36
"vary_k",2000,36,1,30.4036098381683,15.2018049190842,"PELT",0.00100000000000122,37
"vary_k",2000,36,1,30.4036098381683,15.2018049190842,"SVP FOCuS",0.00699999999999967,37
"vary_k",2000,37,1,30.4036098381683,15.2018049190842,"PELT",0.000999999999999446,38
"vary_k",2000,37,1,30.4036098381683,15.2018049190842,"SVP FOCuS",0.00699999999999967,38
"vary_k",2000,38,1,30.4036098381683,15.2018049190842,"PELT",0.000999999999999446,39
"vary_k",2000,38,1,30.4036098381683,15.2018049190842,"SVP FOCuS",0.00799999999999912,39
"vary_k",2000,39,1,30.4036098381683,15.2018049190842,"PELT",0.000999999999999446,40
"vary_k",2000,39,1,30.4036098381683,15.2018049190842,"SVP FOCuS",0.00600000000000023,40
"vary_k",2000,40,1,30.4036098381683,15.2018049190842,"PELT",0.000999999999999446,42
"vary_k",2000,40,1,30.4036098381683,15.2018049190842,"SVP FOCuS",0.00699999999999967,41
"vary_k",2000,0,2,30.4036098381683,15.2018049190842,"PELT",0.00399999999999956,1
"vary_k",2000,0,2,30.4036098381683,15.2018049190842,"SVP FOCuS",0.15,1
"vary_k",2000,1,2,30.4036098381683,15.2018049190842,"PELT",0.00200000000000067,2
"vary_k",2000,1,2,30.4036098381683,15.2018049190842,"SVP FOCuS",0.0789999999999988,2
"vary_k",2000,2,2,30.4036098381683,15.2018049190842,"PELT",0.00200000000000067,3
"vary_k",2000,2,2,30.4036098381683,15.2018049190842,"SVP FOCuS",0.0499999999999989,3
"vary_k",2000,3,2,30.4036098381683,15.2018049190842,"PELT",0.00199999999999889,4
"vary_k",2000,3,2,30.4036098381683,15.2018049190842,"SVP FOCuS",0.0389999999999997,4
"vary_k",2000,4,2,30.4036098381683,15.2018049190842,"PELT",0.00200000000000067,5
"vary_k",2000,4,2,30.4036098381683,15.2018049190842,"SVP FOCuS",0.0299999999999994,5
"vary_k",2000,5,2,30.4036098381683,15.2018049190842,"PELT",0.000999999999999446,6
"vary_k",2000,5,2,30.4036098381683,15.2018049190842,"SVP FOCuS",0.0259999999999998,6
"vary_k",2000,6,2,30.4036098381683,15.2018049190842,"PELT",0.00100000000000122,7
"vary_k",2000,6,2,30.4036098381683,15.2018049190842,"SVP FOCuS",0.0230000000000015,7
"vary_k",2000,7,2,30.4036098381683,15.2018049190842,"PELT",0.000999999999999446,8
"vary_k",2000,7,2,30.4036098381683,15.2018049190842,"SVP FOCuS",0.0200000000000014,8
"vary_k",2000,8,2,30.4036098381683,15.2018049190842,"PELT",0.000999999999999446,9
"vary_k",2000,8,2,30.4036098381683,15.2018049190842,"SVP FOCuS",0.0190000000000001,9
"vary_k",2000,9,2,30.4036098381683,15.2018049190842,"PELT",0.00100000000000122,10
"vary_k",2000,9,2,30.4036098381683,15.2018049190842,"SVP FOCuS",0.0169999999999995,10
"vary_k",2000,10,2,30.4036098381683,15.2018049190842,"PELT",0.00200000000000067,11
"vary_k",2000,10,2,30.4036098381683,15.2018049190842,"SVP FOCuS",0.016,11
"vary_k",2000,11,2,30.4036098381683,15.2018049190842,"PELT",0.00199999999999889,12
"vary_k",2000,11,2,30.4036098381683,15.2018049190842,"SVP FOCuS",0.0169999999999995,12
"vary_k",2000,12,2,30.4036098381683,15.2018049190842,"PELT",0.000999999999999446,13
"vary_k",2000,12,2,30.4036098381683,15.2018049190842,"SVP FOCuS",0.0140000000000011,13
"vary_k",2000,13,2,30.4036098381683,15.2018049190842,"PELT",0.000999999999999446,14
"vary_k",2000,13,2,30.4036098381683,15.2018049190842,"SVP FOCuS",0.0129999999999999,14
"vary_k",2000,14,2,30.4036098381683,15.2018049190842,"PELT",0.000999999999999446,15
"vary_k",2000,14,2,30.4036098381683,15.2018049190842,"SVP FOCuS",0.0120000000000005,15
"vary_k",2000,15,2,30.4036098381683,15.2018049190842,"PELT",0.00100000000000122,16
"vary_k",2000,15,2,30.4036098381683,15.2018049190842,"SVP FOCuS",0.011000000000001,16
"vary_k",2000,16,2,30.4036098381683,15.2018049190842,"PELT",0.000999999999999446,17
"vary_k",2000,16,2,30.4036098381683,15.2018049190842,"SVP FOCuS",0.0120000000000005,17
"vary_k",2000,17,2,30.4036098381683,15.2018049190842,"PELT",0.00100000000000122,18
"vary_k",2000,17,2,30.4036098381683,15.2018049190842,"SVP FOCuS",0.011000000000001,18
"vary_k",2000,18,2,30.4036098381683,15.2018049190842,"PELT",0.000999999999999446,19
"vary_k",2000,18,2,30.4036098381683,15.2018049190842,"SVP FOCuS",0.011000000000001,19
"vary_k",2000,19,2,30.4036098381683,15.2018049190842,"PELT",0.00100000000000122,20
"vary_k",2000,19,2,30.4036098381683,15.2018049190842,"SVP FOCuS",0.011000000000001,20
"vary_k",2000,20,2,30.4036098381683,15.2018049190842,"PELT",0.000999999999999446,21
"vary_k",2000,20,2,30.4036098381683,15.2018049190842,"SVP FOCuS",0.00999999999999979,21
"vary_k",2000,21,2,30.4036098381683,15.2018049190842,"PELT",0.000999999999999446,22
"vary_k",2000,21,2,30.4036098381683,15.2018049190842,"SVP FOCuS",0.00999999999999979,22
"vary_k",2000,22,2,30.4036098381683,15.2018049190842,"PELT",0.000999999999999446,23
"vary_k",2000,22,2,30.4036098381683,15.2018049190842,"SVP FOCuS",0.00900000000000034,23
"vary_k",2000,23,2,30.4036098381683,15.2018049190842,"PELT",0.000999999999999446,24
"vary_k",2000,23,2,30.4036098381683,15.2018049190842,"SVP FOCuS",0.0109999999999992,24
"vary_k",2000,24,2,30.4036098381683,15.2018049190842,"PELT",0.000999999999999446,25
"vary_k",2000,24,2,30.4036098381683,15.2018049190842,"SVP FOCuS",0.00899999999999856,25
"vary_k",2000,25,2,30.4036098381683,15.2018049190842,"PELT",0.00200000000000067,26
"vary_k",2000,25,2,30.4036098381683,15.2018049190842,"SVP FOCuS",0.00900000000000034,26
"vary_k",2000,26,2,30.4036098381683,15.2018049190842,"PELT",0.000999999999999446,27
"vary_k",2000,26,2,30.4036098381683,15.2018049190842,"SVP FOCuS",0.00900000000000034,27
"vary_k",2000,27,2,30.4036098381683,15.2018049190842,"PELT",0.000999999999999446,29
"vary_k",2000,27,2,30.4036098381683,15.2018049190842,"SVP FOCuS",0.00799999999999912,28
"vary_k",2000,28,2,30.4036098381683,15.2018049190842,"PELT",0.000999999999999446,29
"vary_k",2000,28,2,30.4036098381683,15.2018049190842,"SVP FOCuS",0.00799999999999912,29
"vary_k",2000,29,2,30.4036098381683,15.2018049190842,"PELT",0.000999999999999446,30
"vary_k",2000,29,2,30.4036098381683,15.2018049190842,"SVP FOCuS",0.0080000000000009,30
"vary_k",2000,30,2,30.4036098381683,15.2018049190842,"PELT",0.00100000000000122,31
"vary_k",2000,30,2,30.4036098381683,15.2018049190842,"SVP FOCuS",0.0080000000000009,31
"vary_k",2000,31,2,30.4036098381683,15.2018049190842,"PELT",0.000999999999999446,32
"vary_k",2000,31,2,30.4036098381683,15.2018049190842,"SVP FOCuS",0.0080000000000009,32
"vary_k",2000,32,2,30.4036098381683,15.2018049190842,"PELT",0.000999999999999446,33
"vary_k",2000,32,2,30.4036098381683,15.2018049190842,"SVP FOCuS",0.0080000000000009,33
"vary_k",2000,33,2,30.4036098381683,15.2018049190842,"PELT",0.000999999999999446,34
"vary_k",2000,33,2,30.4036098381683,15.2018049190842,"SVP FOCuS",0.00699999999999967,34
"vary_k",2000,34,2,30.4036098381683,15.2018049190842,"PELT",0.00100000000000122,35
"vary_k",2000,34,2,30.4036098381683,15.2018049190842,"SVP FOCuS",0.0080000000000009,35
"vary_k",2000,35,2,30.4036098381683,15.2018049190842,"PELT",0,36
"vary_k",2000,35,2,30.4036098381683,15.2018049190842,"SVP FOCuS",0.0080000000000009,36
"vary_k",2000,36,2,30.4036098381683,15.2018049190842,"PELT",0.000999999999999446,37
"vary_k",2000,36,2,30.4036098381683,15.2018049190842,"SVP FOCuS",0.00799999999999912,37
"vary_k",2000,37,2,30.4036098381683,15.2018049190842,"PELT",0.00100000000000122,38
"vary_k",2000,37,2,30.4036098381683,15.2018049190842,"SVP FOCuS",0.00700000000000145,38
"vary_k",2000,38,2,30.4036098381683,15.2018049190842,"PELT",0.000999999999999446,39
"vary_k",2000,38,2,30.4036098381683,15.2018049190842,"SVP FOCuS",0.00699999999999967,39
"vary_k",2000,39,2,30.4036098381683,15.2018049190842,"PELT",0.000999999999999446,41
"vary_k",2000,39,2,30.4036098381683,15.2018049190842,"SVP FOCuS",0.0080000000000009,40
"vary_k",2000,40,2,30.4036098381683,15.2018049190842,"PELT",0.00100000000000122,41
"vary_k",2000,40,2,30.4036098381683,15.2018049190842,"SVP FOCuS",0.00699999999999967,41
"vary_k",2000,0,3,30.4036098381683,15.2018049190842,"PELT",0.00400000000000134,1
"vary_k",2000,0,3,30.4036098381683,15.2018049190842,"SVP FOCuS",0.145,1
"vary_k",2000,1,3,30.4036098381683,15.2018049190842,"PELT",0.00200000000000067,2
"vary_k",2000,1,3,30.4036098381683,15.2018049190842,"SVP FOCuS",0.072000000000001,2
"vary_k",2000,2,3,30.4036098381683,15.2018049190842,"PELT",0.00600000000000023,3
"vary_k",2000,2,3,30.4036098381683,15.2018049190842,"SVP FOCuS",0.0509999999999984,3
"vary_k",2000,3,3,30.4036098381683,15.2018049190842,"PELT",0.000999999999999446,4
"vary_k",2000,3,3,30.4036098381683,15.2018049190842,"SVP FOCuS",0.0400000000000009,4
"vary_k",2000,4,3,30.4036098381683,15.2018049190842,"PELT",0.000999999999999446,5
"vary_k",2000,4,3,30.4036098381683,15.2018049190842,"SVP FOCuS",0.032,5
"vary_k",2000,5,3,30.4036098381683,15.2018049190842,"PELT",0.00199999999999889,6
"vary_k",2000,5,3,30.4036098381683,15.2018049190842,"SVP FOCuS",0.0280000000000005,6
"vary_k",2000,6,3,30.4036098381683,15.2018049190842,"PELT",0.000999999999999446,8
"vary_k",2000,6,3,30.4036098381683,15.2018049190842,"SVP FOCuS",0.0220000000000002,7
"vary_k",2000,7,3,30.4036098381683,15.2018049190842,"PELT",0.00200000000000067,8
"vary_k",2000,7,3,30.4036098381683,15.2018049190842,"SVP FOCuS",0.0200000000000014,8
"vary_k",2000,8,3,30.4036098381683,15.2018049190842,"PELT",0.000999999999999446,9
"vary_k",2000,8,3,30.4036098381683,15.2018049190842,"SVP FOCuS",0.0190000000000001,9
"vary_k",2000,9,3,30.4036098381683,15.2018049190842,"PELT",0.00199999999999889,10
"vary_k",2000,9,3,30.4036098381683,15.2018049190842,"SVP FOCuS",0.0170000000000012,10
"vary_k",2000,10,3,30.4036098381683,15.2018049190842,"PELT",0.000999999999999446,11
"vary_k",2000,10,3,30.4036098381683,15.2018049190842,"SVP FOCuS",0.016,11
"vary_k",2000,11,3,30.4036098381683,15.2018049190842,"PELT",0.00200000000000067,12
"vary_k",2000,11,3,30.4036098381683,15.2018049190842,"SVP FOCuS",0.0139999999999993,12
"vary_k",2000,12,3,30.4036098381683,15.2018049190842,"PELT",0.000999999999999446,13
"vary_k",2000,12,3,30.4036098381683,15.2018049190842,"SVP FOCuS",0.0139999999999993,13
"vary_k",2000,13,3,30.4036098381683,15.2018049190842,"PELT",0.000999999999999446,14
"vary_k",2000,13,3,30.4036098381683,15.2018049190842,"SVP FOCuS",0.0129999999999999,14
"vary_k",2000,14,3,30.4036098381683,15.2018049190842,"PELT",0.000999999999999446,15
"vary_k",2000,14,3,30.4036098381683,15.2018049190842,"SVP FOCuS",0.0120000000000005,15
"vary_k",2000,15,3,30.4036098381683,15.2018049190842,"PELT",0.000999999999997669,16
"vary_k",2000,15,3,30.4036098381683,15.2018049190842,"SVP FOCuS",0.0110000000000028,16
"vary_k",2000,16,3,30.4036098381683,15.2018049190842,"PELT",0.00100000000000122,17
"vary_k",2000,16,3,30.4036098381683,15.2018049190842,"SVP FOCuS",0.0110000000000028,17
"vary_k",2000,17,3,30.4036098381683,15.2018049190842,"PELT",0.00100000000000122,18
"vary_k",2000,17,3,30.4036098381683,15.2018049190842,"SVP FOCuS",0.0109999999999992,18
"vary_k",2000,18,3,30.4036098381683,15.2018049190842,"PELT",0.000999999999997669,19
"vary_k",2000,18,3,30.4036098381683,15.2018049190842,"SVP FOCuS",0.0100000000000016,19
"vary_k",2000,19,3,30.4036098381683,15.2018049190842,"PELT",0.00100000000000122,20
"vary_k",2000,19,3,30.4036098381683,15.2018049190842,"SVP FOCuS",0.0100000000000016,20
"vary_k",2000,20,3,30.4036098381683,15.2018049190842,"PELT",0.000999999999997669,21
"vary_k",2000,20,3,30.4036098381683,15.2018049190842,"SVP FOCuS",0.0100000000000016,21
"vary_k",2000,21,3,30.4036098381683,15.2018049190842,"PELT",0.00100000000000122,22
"vary_k",2000,21,3,30.4036098381683,15.2018049190842,"SVP FOCuS",0.00999999999999801,22
"vary_k",2000,22,3,30.4036098381683,15.2018049190842,"PELT",0.00100000000000122,23
"vary_k",2000,22,3,30.4036098381683,15.2018049190842,"SVP FOCuS",0.00900000000000034,23
"vary_k",2000,23,3,30.4036098381683,15.2018049190842,"PELT",0.000999999999997669,24
"vary_k",2000,23,3,30.4036098381683,15.2018049190842,"SVP FOCuS",0.00900000000000034,24
"vary_k",2000,24,3,30.4036098381683,15.2018049190842,"PELT",0.00100000000000122,25
"vary_k",2000,24,3,30.4036098381683,15.2018049190842,"SVP FOCuS",0.00900000000000034,25
"vary_k",2000,25,3,30.4036098381683,15.2018049190842,"PELT",0.000999999999997669,26
"vary_k",2000,25,3,30.4036098381683,15.2018049190842,"SVP FOCuS",0.00900000000000034,26
"vary_k",2000,26,3,30.4036098381683,15.2018049190842,"PELT",0.00100000000000122,27
"vary_k",2000,26,3,30.4036098381683,15.2018049190842,"SVP FOCuS",0.00900000000000034,27
"vary_k",2000,27,3,30.4036098381683,15.2018049190842,"PELT",0.00100000000000122,28
"vary_k",2000,27,3,30.4036098381683,15.2018049190842,"SVP FOCuS",0.00799999999999912,28
"vary_k",2000,28,3,30.4036098381683,15.2018049190842,"PELT",0.00100000000000122,29
"vary_k",2000,28,3,30.4036098381683,15.2018049190842,"SVP FOCuS",0.00900000000000034,29
"vary_k",2000,29,3,30.4036098381683,15.2018049190842,"PELT",0.000999999999997669,30
"vary_k",2000,29,3,30.4036098381683,15.2018049190842,"SVP FOCuS",0.00799999999999912,30
"vary_k",2000,30,3,30.4036098381683,15.2018049190842,"PELT",0.000999999999997669,31
"vary_k",2000,30,3,30.4036098381683,15.2018049190842,"SVP FOCuS",0.00800000000000267,31
"vary_k",2000,31,3,30.4036098381683,15.2018049190842,"PELT",0.00100000000000122,32
"vary_k",2000,31,3,30.4036098381683,15.2018049190842,"SVP FOCuS",0.00900000000000034,32
"vary_k",2000,32,3,30.4036098381683,15.2018049190842,"PELT",0.000999999999997669,33
"vary_k",2000,32,3,30.4036098381683,15.2018049190842,"SVP FOCuS",0.00900000000000034,33
"vary_k",2000,33,3,30.4036098381683,15.2018049190842,"PELT",0.00100000000000122,34
"vary_k",2000,33,3,30.4036098381683,15.2018049190842,"SVP FOCuS",0.00799999999999912,34
"vary_k",2000,34,3,30.4036098381683,15.2018049190842,"PELT",0.000999999999997669,35
"vary_k",2000,34,3,30.4036098381683,15.2018049190842,"SVP FOCuS",0.00700000000000145,35
"vary_k",2000,35,3,30.4036098381683,15.2018049190842,"PELT",0.00100000000000122,36
"vary_k",2000,35,3,30.4036098381683,15.2018049190842,"SVP FOCuS",0.00700000000000145,36
"vary_k",2000,36,3,30.4036098381683,15.2018049190842,"PELT",0.00100000000000122,37
"vary_k",2000,36,3,30.4036098381683,15.2018049190842,"SVP FOCuS",0.0069999999999979,37
"vary_k",2000,37,3,30.4036098381683,15.2018049190842,"PELT",0.00199999999999889,38
"vary_k",2000,37,3,30.4036098381683,15.2018049190842,"SVP FOCuS",0.00700000000000145,38
"vary_k",2000,38,3,30.4036098381683,15.2018049190842,"PELT",0.00100000000000122,40
"vary_k",2000,38,3,30.4036098381683,15.2018049190842,"SVP FOCuS",0.00700000000000145,39
"vary_k",2000,39,3,30.4036098381683,15.2018049190842,"PELT",0.000999999999997669,40
"vary_k",2000,39,3,30.4036098381683,15.2018049190842,"SVP FOCuS",0.00800000000000267,40
"vary_k",2000,40,3,30.4036098381683,15.2018049190842,"PELT",0.00100000000000122,41
"vary_k",2000,40,3,30.4036098381683,15.2018049190842,"SVP FOCuS",0.0069999999999979,41
"vary_k",2000,0,4,30.4036098381683,15.2018049190842,"PELT",0.00300000000000011,1
"vary_k",2000,0,4,30.4036098381683,15.2018049190842,"SVP FOCuS",0.146999999999998,1
"vary_k",2000,1,4,30.4036098381683,15.2018049190842,"PELT",0.00199999999999889,2
"vary_k",2000,1,4,30.4036098381683,15.2018049190842,"SVP FOCuS",0.0719999999999992,2
"vary_k",2000,2,4,30.4036098381683,15.2018049190842,"PELT",0.00100000000000122,3
"vary_k",2000,2,4,30.4036098381683,15.2018049190842,"SVP FOCuS",0.0489999999999995,3
"vary_k",2000,3,4,30.4036098381683,15.2018049190842,"PELT",0.00199999999999889,4
"vary_k",2000,3,4,30.4036098381683,15.2018049190842,"SVP FOCuS",0.036999999999999,4
"vary_k",2000,4,4,30.4036098381683,15.2018049190842,"PELT",0.000999999999997669,5
"vary_k",2000,4,4,30.4036098381683,15.2018049190842,"SVP FOCuS",0.0330000000000013,5
"vary_k",2000,5,4,30.4036098381683,15.2018049190842,"PELT",0.00100000000000122,6
"vary_k",2000,5,4,30.4036098381683,15.2018049190842,"SVP FOCuS",0.0259999999999998,6
"vary_k",2000,6,4,30.4036098381683,15.2018049190842,"PELT",0.000999999999997669,7
"vary_k",2000,6,4,30.4036098381683,15.2018049190842,"SVP FOCuS",0.0219999999999985,7
"vary_k",2000,7,4,30.4036098381683,15.2018049190842,"PELT",0.00100000000000122,8
"vary_k",2000,7,4,30.4036098381683,15.2018049190842,"SVP FOCuS",0.0200000000000031,8
"vary_k",2000,8,4,30.4036098381683,15.2018049190842,"PELT",0.00200000000000244,9
"vary_k",2000,8,4,30.4036098381683,15.2018049190842,"SVP FOCuS",0.0180000000000007,9
"vary_k",2000,9,4,30.4036098381683,15.2018049190842,"PELT",0.000999999999997669,10
"vary_k",2000,9,4,30.4036098381683,15.2018049190842,"SVP FOCuS",0.017000000000003,10
"vary_k",2000,10,4,30.4036098381683,15.2018049190842,"PELT",0.00100000000000122,11
"vary_k",2000,10,4,30.4036098381683,15.2018049190842,"SVP FOCuS",0.0150000000000006,11
"vary_k",2000,11,4,30.4036098381683,15.2018049190842,"PELT",0.000999999999997669,13
"vary_k",2000,11,4,30.4036098381683,15.2018049190842,"SVP FOCuS",0.0150000000000006,12
"vary_k",2000,12,4,30.4036098381683,15.2018049190842,"PELT",0.00100000000000122,13
"vary_k",2000,12,4,30.4036098381683,15.2018049190842,"SVP FOCuS",0.0139999999999993,13
"vary_k",2000,13,4,30.4036098381683,15.2018049190842,"PELT",0.00100000000000122,14
"vary_k",2000,13,4,30.4036098381683,15.2018049190842,"SVP FOCuS",0.0129999999999981,14
"vary_k",2000,14,4,30.4036098381683,15.2018049190842,"PELT",0.00100000000000122,15
"vary_k",2000,14,4,30.4036098381683,15.2018049190842,"SVP FOCuS",0.0120000000000005,15
"vary_k",2000,15,4,30.4036098381683,15.2018049190842,"PELT",0.00100000000000122,16
"vary_k",2000,15,4,30.4036098381683,15.2018049190842,"SVP FOCuS",0.0120000000000005,16
"vary_k",2000,16,4,30.4036098381683,15.2018049190842,"PELT",0,17
"vary_k",2000,16,4,30.4036098381683,15.2018049190842,"SVP FOCuS",0.0109999999999992,17
"vary_k",2000,17,4,30.4036098381683,15.2018049190842,"PELT",0.00100000000000122,18
"vary_k",2000,17,4,30.4036098381683,15.2018049190842,"SVP FOCuS",0.0109999999999992,18
"vary_k",2000,18,4,30.4036098381683,15.2018049190842,"PELT",0.00100000000000122,19
"vary_k",2000,18,4,30.4036098381683,15.2018049190842,"SVP FOCuS",0.0100000000000016,19
"vary_k",2000,19,4,30.4036098381683,15.2018049190842,"PELT",0.00100000000000122,20
"vary_k",2000,19,4,30.4036098381683,15.2018049190842,"SVP FOCuS",0.0100000000000016,20
"vary_k",2000,20,4,30.4036098381683,15.2018049190842,"PELT",0.00100000000000122,21
"vary_k",2000,20,4,30.4036098381683,15.2018049190842,"SVP FOCuS",0.0100000000000016,21
"vary_k",2000,21,4,30.4036098381683,15.2018049190842,"PELT",0.00100000000000122,22
"vary_k",2000,21,4,30.4036098381683,15.2018049190842,"SVP FOCuS",0.00999999999999801,22
"vary_k",2000,22,4,30.4036098381683,15.2018049190842,"PELT",0.00100000000000122,23
"vary_k",2000,22,4,30.4036098381683,15.2018049190842,"SVP FOCuS",0.00999999999999801,23
"vary_k",2000,23,4,30.4036098381683,15.2018049190842,"PELT",0.00100000000000122,24
"vary_k",2000,23,4,30.4036098381683,15.2018049190842,"SVP FOCuS",0.00899999999999679,24
"vary_k",2000,24,4,30.4036098381683,15.2018049190842,"PELT",0.000999999999997669,25
"vary_k",2000,24,4,30.4036098381683,15.2018049190842,"SVP FOCuS",0.00900000000000034,25
"vary_k",2000,25,4,30.4036098381683,15.2018049190842,"PELT",0.00100000000000122,26
"vary_k",2000,25,4,30.4036098381683,15.2018049190842,"SVP FOCuS",0.00800000000000267,26
"vary_k",2000,26,4,30.4036098381683,15.2018049190842,"PELT",0.004999999999999,27
"vary_k",2000,26,4,30.4036098381683,15.2018049190842,"SVP FOCuS",0.00900000000000034,27
"vary_k",2000,27,4,30.4036098381683,15.2018049190842,"PELT",0.00100000000000122,28
"vary_k",2000,27,4,30.4036098381683,15.2018049190842,"SVP FOCuS",0.00799999999999912,28
"vary_k",2000,28,4,30.4036098381683,15.2018049190842,"PELT",0.000999999999997669,30
"vary_k",2000,28,4,30.4036098381683,15.2018049190842,"SVP FOCuS",0.00799999999999912,29
"vary_k",2000,29,4,30.4036098381683,15.2018049190842,"PELT",0.00100000000000122,30
"vary_k",2000,29,4,30.4036098381683,15.2018049190842,"SVP FOCuS",0.00799999999999912,30
"vary_k",2000,30,4,30.4036098381683,15.2018049190842,"PELT",0.000999999999997669,31
"vary_k",2000,30,4,30.4036098381683,15.2018049190842,"SVP FOCuS",0.00800000000000267,31
"vary_k",2000,31,4,30.4036098381683,15.2018049190842,"PELT",0.00100000000000122,32
"vary_k",2000,31,4,30.4036098381683,15.2018049190842,"SVP FOCuS",0.0069999999999979,32
"vary_k",2000,32,4,30.4036098381683,15.2018049190842,"PELT",0,33
"vary_k",2000,32,4,30.4036098381683,15.2018049190842,"SVP FOCuS",0.00799999999999912,33
"vary_k",2000,33,4,30.4036098381683,15.2018049190842,"PELT",0.00200000000000244,35
"vary_k",2000,33,4,30.4036098381683,15.2018049190842,"SVP FOCuS",0.00800000000000267,34
"vary_k",2000,34,4,30.4036098381683,15.2018049190842,"PELT",0.00100000000000122,35
"vary_k",2000,34,4,30.4036098381683,15.2018049190842,"SVP FOCuS",0.00799999999999912,35
"vary_k",2000,35,4,30.4036098381683,15.2018049190842,"PELT",0.000999999999997669,36
"vary_k",2000,35,4,30.4036098381683,15.2018049190842,"SVP FOCuS",0.00700000000000145,36
"vary_k",2000,36,4,30.4036098381683,15.2018049190842,"PELT",0,37
"vary_k",2000,36,4,30.4036098381683,15.2018049190842,"SVP FOCuS",0.0069999999999979,37
"vary_k",2000,37,4,30.4036098381683,15.2018049190842,"PELT",0.000999999999997669,38
"vary_k",2000,37,4,30.4036098381683,15.2018049190842,"SVP FOCuS",0.0069999999999979,38
"vary_k",2000,38,4,30.4036098381683,15.2018049190842,"PELT",0.000999999999997669,39
"vary_k",2000,38,4,30.4036098381683,15.2018049190842,"SVP FOCuS",0.00700000000000145,39
"vary_k",2000,39,4,30.4036098381683,15.2018049190842,"PELT",0,40
"vary_k",2000,39,4,30.4036098381683,15.2018049190842,"SVP FOCuS",0.0069999999999979,40
"vary_k",2000,40,4,30.4036098381683,15.2018049190842,"PELT",0.00100000000000122,41
"vary_k",2000,40,4,30.4036098381683,15.2018049190842,"SVP FOCuS",0.00799999999999912,41
"vary_k",2000,0,5,30.4036098381683,15.2018049190842,"PELT",0.00400000000000134,1
"vary_k",2000,0,5,30.4036098381683,15.2018049190842,"SVP FOCuS",0.157,1
"vary_k",2000,1,5,30.4036098381683,15.2018049190842,"PELT",0.000999999999997669,2
"vary_k",2000,1,5,30.4036098381683,15.2018049190842,"SVP FOCuS",0.0740000000000016,2
"vary_k",2000,2,5,30.4036098381683,15.2018049190842,"PELT",0.00199999999999889,3
"vary_k",2000,2,5,30.4036098381683,15.2018049190842,"SVP FOCuS",0.0489999999999995,3
"vary_k",2000,3,5,30.4036098381683,15.2018049190842,"PELT",0.00200000000000244,4
"vary_k",2000,3,5,30.4036098381683,15.2018049190842,"SVP FOCuS",0.036999999999999,4
"vary_k",2000,4,5,30.4036098381683,15.2018049190842,"PELT",0.00199999999999889,5
"vary_k",2000,4,5,30.4036098381683,15.2018049190842,"SVP FOCuS",0.0309999999999988,5
"vary_k",2000,5,5,30.4036098381683,15.2018049190842,"PELT",0.00199999999999889,6
"vary_k",2000,5,5,30.4036098381683,15.2018049190842,"SVP FOCuS",0.027000000000001,6
"vary_k",2000,6,5,30.4036098381683,15.2018049190842,"PELT",0.00100000000000122,7
"vary_k",2000,6,5,30.4036098381683,15.2018049190842,"SVP FOCuS",0.0229999999999997,7
"vary_k",2000,7,5,30.4036098381683,15.2018049190842,"PELT",0.000999999999997669,8
"vary_k",2000,7,5,30.4036098381683,15.2018049190842,"SVP FOCuS",0.0229999999999997,8
"vary_k",2000,8,5,30.4036098381683,15.2018049190842,"PELT",0.00100000000000122,9
"vary_k",2000,8,5,30.4036098381683,15.2018049190842,"SVP FOCuS",0.0199999999999996,9
"vary_k",2000,9,5,30.4036098381683,15.2018049190842,"PELT",0.00100000000000122,10
"vary_k",2000,9,5,30.4036098381683,15.2018049190842,"SVP FOCuS",0.0169999999999995,10
"vary_k",2000,10,5,30.4036098381683,15.2018049190842,"PELT",0.000999999999997669,11
"vary_k",2000,10,5,30.4036098381683,15.2018049190842,"SVP FOCuS",0.0150000000000006,11
"vary_k",2000,11,5,30.4036098381683,15.2018049190842,"PELT",0.00100000000000122,12
"vary_k",2000,11,5,30.4036098381683,15.2018049190842,"SVP FOCuS",0.0139999999999993,12
"vary_k",2000,12,5,30.4036098381683,15.2018049190842,"PELT",0.00199999999999889,13
"vary_k",2000,12,5,30.4036098381683,15.2018049190842,"SVP FOCuS",0.0140000000000029,13
"vary_k",2000,13,5,30.4036098381683,15.2018049190842,"PELT",0.00100000000000122,14
"vary_k",2000,13,5,30.4036098381683,15.2018049190842,"SVP FOCuS",0.0139999999999993,14
"vary_k",2000,14,5,30.4036098381683,15.2018049190842,"PELT",0.000999999999997669,15
"vary_k",2000,14,5,30.4036098381683,15.2018049190842,"SVP FOCuS",0.0120000000000005,15
"vary_k",2000,15,5,30.4036098381683,15.2018049190842,"PELT",0.00100000000000122,16
"vary_k",2000,15,5,30.4036098381683,15.2018049190842,"SVP FOCuS",0.0120000000000005,16
"vary_k",2000,16,5,30.4036098381683,15.2018049190842,"PELT",0.00100000000000122,17
"vary_k",2000,16,5,30.4036098381683,15.2018049190842,"SVP FOCuS",0.0109999999999992,17
"vary_k",2000,17,5,30.4036098381683,15.2018049190842,"PELT",0.00100000000000122,18
"vary_k",2000,17,5,30.4036098381683,15.2018049190842,"SVP FOCuS",0.0109999999999992,18
"vary_k",2000,18,5,30.4036098381683,15.2018049190842,"PELT",0.00100000000000122,19
"vary_k",2000,18,5,30.4036098381683,15.2018049190842,"SVP FOCuS",0.0120000000000005,19
"vary_k",2000,19,5,30.4036098381683,15.2018049190842,"PELT",0.000999999999997669,20
"vary_k",2000,19,5,30.4036098381683,15.2018049190842,"SVP FOCuS",0.0100000000000016,20
"vary_k",2000,20,5,30.4036098381683,15.2018049190842,"PELT",0.00100000000000122,21
"vary_k",2000,20,5,30.4036098381683,15.2018049190842,"SVP FOCuS",0.00999999999999801,21
"vary_k",2000,21,5,30.4036098381683,15.2018049190842,"PELT",0.00100000000000122,22
"vary_k",2000,21,5,30.4036098381683,15.2018049190842,"SVP FOCuS",0.00999999999999801,22
"vary_k",2000,22,5,30.4036098381683,15.2018049190842,"PELT",0.000999999999997669,23
"vary_k",2000,22,5,30.4036098381683,15.2018049190842,"SVP FOCuS",0.00900000000000034,23
"vary_k",2000,23,5,30.4036098381683,15.2018049190842,"PELT",0.00100000000000122,24
"vary_k",2000,23,5,30.4036098381683,15.2018049190842,"SVP FOCuS",0.0109999999999992,24
"vary_k",2000,24,5,30.4036098381683,15.2018049190842,"PELT",0.00100000000000122,25
"vary_k",2000,24,5,30.4036098381683,15.2018049190842,"SVP FOCuS",0.00800000000000267,25
"vary_k",2000,25,5,30.4036098381683,15.2018049190842,"PELT",0.00100000000000122,27
"vary_k",2000,25,5,30.4036098381683,15.2018049190842,"SVP FOCuS",0.00900000000000034,26
"vary_k",2000,26,5,30.4036098381683,15.2018049190842,"PELT",0.00200000000000244,27
"vary_k",2000,26,5,30.4036098381683,15.2018049190842,"SVP FOCuS",0.00799999999999912,27
"vary_k",2000,27,5,30.4036098381683,15.2018049190842,"PELT",0.00100000000000122,28
"vary_k",2000,27,5,30.4036098381683,15.2018049190842,"SVP FOCuS",0.00799999999999912,28
"vary_k",2000,28,5,30.4036098381683,15.2018049190842,"PELT",0.00100000000000122,29
"vary_k",2000,28,5,30.4036098381683,15.2018049190842,"SVP FOCuS",0.00799999999999912,29
"vary_k",2000,29,5,30.4036098381683,15.2018049190842,"PELT",0,30
"vary_k",2000,29,5,30.4036098381683,15.2018049190842,"SVP FOCuS",0.00799999999999912,30
"vary_k",2000,30,5,30.4036098381683,15.2018049190842,"PELT",0.00100000000000122,31
"vary_k",2000,30,5,30.4036098381683,15.2018049190842,"SVP FOCuS",0.00799999999999912,31
"vary_k",2000,31,5,30.4036098381683,15.2018049190842,"PELT",0.00100000000000122,32
"vary_k",2000,31,5,30.4036098381683,15.2018049190842,"SVP FOCuS",0.00799999999999912,32
"vary_k",2000,32,5,30.4036098381683,15.2018049190842,"PELT",0.00100000000000122,33
"vary_k",2000,32,5,30.4036098381683,15.2018049190842,"SVP FOCuS",0.0069999999999979,33
"vary_k",2000,33,5,30.4036098381683,15.2018049190842,"PELT",0.00100000000000122,34
"vary_k",2000,33,5,30.4036098381683,15.2018049190842,"SVP FOCuS",0.00800000000000267,34
"vary_k",2000,34,5,30.4036098381683,15.2018049190842,"PELT",0,35
"vary_k",2000,34,5,30.4036098381683,15.2018049190842,"SVP FOCuS",0.0069999999999979,35
"vary_k",2000,35,5,30.4036098381683,15.2018049190842,"PELT",0.000999999999997669,36
"vary_k",2000,35,5,30.4036098381683,15.2018049190842,"SVP FOCuS",0.0069999999999979,36
"vary_k",2000,36,5,30.4036098381683,15.2018049190842,"PELT",0,37
"vary_k",2000,36,5,30.4036098381683,15.2018049190842,"SVP FOCuS",0.00800000000000267,37
"vary_k",2000,37,5,30.4036098381683,15.2018049190842,"PELT",0.000999999999997669,38
"vary_k",2000,37,5,30.4036098381683,15.2018049190842,"SVP FOCuS",0.0069999999999979,38
"vary_k",2000,38,5,30.4036098381683,15.2018049190842,"PELT",0.000999999999997669,39
"vary_k",2000,38,5,30.4036098381683,15.2018049190842,"SVP FOCuS",0.0069999999999979,39
"vary_k",2000,39,5,30.4036098381683,15.2018049190842,"PELT",0.00100000000000122,40
"vary_k",2000,39,5,30.4036098381683,15.2018049190842,"SVP FOCuS",0.0069999999999979,40
"vary_k",2000,40,5,30.4036098381683,15.2018049190842,"PELT",0.000999999999997669,42
"vary_k",2000,40,5,30.4036098381683,15.2018049190842,"SVP FOCuS",0.00600000000000023,41
