"k","n","SVP","SVP_nchanges","PELT","PELT_nchanges","penalty_svp","penalty_pelt"
0,10000,0.0440000000000111,1,0.0349999999999966,1,36.8413614879047,18.4206807439524
0,10000,0.0439999999999969,1,0.0880000000000081,1,36.8413614879047,18.4206807439524
0,10000,0.0400000000000063,1,0.0870000000000033,1,36.8413614879047,18.4206807439524
0,10000,0.0430000000000064,1,0.0729999999999933,1,36.8413614879047,18.4206807439524
0,10000,0.0429999999999922,1,0.0739999999999981,1,36.8413614879047,18.4206807439524
0,10000,0.041000000000011,1,0.0379999999999967,1,36.8413614879047,18.4206807439524
0,10000,0.039999999999992,1,0.0779999999999887,1,36.8413614879047,18.4206807439524
0,10000,0.039999999999992,1,0.0400000000000063,1,36.8413614879047,18.4206807439524
0,10000,0.0420000000000016,1,0.0630000000000024,1,36.8413614879047,18.4206807439524
0,10000,0.0430000000000064,1,0.0570000000000022,1,36.8413614879047,18.4206807439524
1,10000,0.937999999999988,2,0.0360000000000014,2,36.8413614879047,18.4206807439524
1,10000,0.940999999999988,2,0.0439999999999969,2,36.8413614879047,18.4206807439524
1,10000,0.903000000000006,2,0.0380000000000109,2,36.8413614879047,18.4206807439524
1,10000,0.933000000000007,2,0.0420000000000016,2,36.8413614879047,18.4206807439524
1,10000,0.944000000000003,2,0.0449999999999875,2,36.8413614879047,18.4206807439524
1,10000,0.924000000000007,2,0.046999999999997,2,36.8413614879047,18.4206807439524
1,10000,0.924999999999997,2,0.046999999999997,2,36.8413614879047,18.4206807439524
1,10000,0.924999999999997,2,0.034000000000006,2,36.8413614879047,18.4206807439524
1,10000,0.930000000000007,2,0.041000000000011,2,36.8413614879047,18.4206807439524
1,10000,0.923000000000002,2,0.034000000000006,2,36.8413614879047,18.4206807439524
2,10000,0.812999999999988,3,0.0280000000000058,3,36.8413614879047,18.4206807439524
2,10000,0.801999999999992,3,0.0309999999999917,3,36.8413614879047,18.4206807439524
2,10000,0.828000000000003,3,0.0300000000000011,3,36.8413614879047,18.4206807439524
2,10000,0.804999999999993,3,0.0279999999999916,3,36.8413614879047,18.4206807439524
2,10000,0.807000000000002,3,0.027000000000001,3,36.8413614879047,18.4206807439524
2,10000,0.825000000000003,3,0.0300000000000011,3,36.8413614879047,18.4206807439524
2,10000,0.809999999999988,3,0.0289999999999964,3,36.8413614879047,18.4206807439524
2,10000,0.805999999999997,3,0.0289999999999964,3,36.8413614879047,18.4206807439524
2,10000,0.810000000000002,3,0.0289999999999964,3,36.8413614879047,18.4206807439524
2,10000,0.815999999999988,3,0.0300000000000011,3,36.8413614879047,18.4206807439524
3,10000,0.670999999999992,4,0.0229999999999961,4,36.8413614879047,18.4206807439524
3,10000,0.676000000000002,4,0.019999999999996,4,36.8413614879047,18.4206807439524
3,10000,0.679000000000002,4,0.0200000000000102,4,36.8413614879047,18.4206807439524
3,10000,0.680000000000007,4,0.0220000000000056,4,36.8413614879047,18.4206807439524
3,10000,0.680999999999997,4,0.0219999999999914,4,36.8413614879047,18.4206807439524
3,10000,0.676000000000002,4,0.0229999999999961,4,36.8413614879047,18.4206807439524
3,10000,0.687000000000012,4,0.0220000000000056,4,36.8413614879047,18.4206807439524
3,10000,0.674999999999997,4,0.0280000000000058,4,36.8413614879047,18.4206807439524
3,10000,0.675000000000011,4,0.0220000000000056,4,36.8413614879047,18.4206807439524
3,10000,0.658999999999992,4,0.0240000000000009,4,36.8413614879047,18.4206807439524
4,10000,0.584999999999994,5,0.0180000000000007,5,36.8413614879047,18.4206807439524
4,10000,0.572999999999993,5,0.0170000000000101,5,36.8413614879047,18.4206807439524
4,10000,0.570000000000007,5,0.0159999999999911,5,36.8413614879047,18.4206807439524
4,10000,0.570999999999998,5,0.0169999999999959,5,36.8413614879047,18.4206807439524
4,10000,0.566999999999993,5,0.0180000000000007,5,36.8413614879047,18.4206807439524
4,10000,0.570000000000007,5,0.0160000000000053,5,36.8413614879047,18.4206807439524
4,10000,0.561999999999998,5,0.0169999999999959,5,36.8413614879047,18.4206807439524
4,10000,0.566000000000003,5,0.0169999999999959,5,36.8413614879047,18.4206807439524
4,10000,0.558999999999997,5,0.0169999999999959,5,36.8413614879047,18.4206807439524
4,10000,0.572000000000003,5,0.0180000000000007,5,36.8413614879047,18.4206807439524
5,10000,0.489000000000004,6,0.0139999999999958,6,36.8413614879047,18.4206807439524
5,10000,0.498000000000005,6,0.0169999999999959,6,36.8413614879047,18.4206807439524
5,10000,0.495999999999995,6,0.0139999999999958,6,36.8413614879047,18.4206807439524
5,10000,0.494,6,0.0150000000000006,6,36.8413614879047,18.4206807439524
5,10000,0.48599999999999,6,0.0130000000000052,6,36.8413614879047,18.4206807439524
5,10000,0.484999999999999,6,0.0160000000000053,6,36.8413614879047,18.4206807439524
5,10000,0.487000000000009,6,0.0150000000000006,6,36.8413614879047,18.4206807439524
5,10000,0.492000000000004,6,0.0150000000000006,6,36.8413614879047,18.4206807439524
5,10000,0.491,6,0.0160000000000053,6,36.8413614879047,18.4206807439524
5,10000,0.481999999999999,6,0.01400000000001,6,36.8413614879047,18.4206807439524
6,10000,0.430999999999997,7,0.0120000000000005,7,36.8413614879047,18.4206807439524
6,10000,0.430999999999997,7,0.0130000000000052,7,36.8413614879047,18.4206807439524
6,10000,0.421000000000006,7,0.0120000000000005,7,36.8413614879047,18.4206807439524
6,10000,0.420000000000002,7,0.0130000000000052,7,36.8413614879047,18.4206807439524
6,10000,0.432999999999993,7,0.0120000000000005,7,36.8413614879047,18.4206807439524
6,10000,0.426999999999992,7,0.0109999999999957,7,36.8413614879047,18.4206807439524
6,10000,0.424000000000007,7,0.0120000000000005,7,36.8413614879047,18.4206807439524
6,10000,0.427999999999997,7,0.0120000000000005,7,36.8413614879047,18.4206807439524
6,10000,0.430999999999997,7,0.012999999999991,7,36.8413614879047,18.4206807439524
6,10000,0.424999999999997,7,0.0120000000000005,7,36.8413614879047,18.4206807439524
7,10000,0.384,8,0.0109999999999957,8,36.8413614879047,18.4206807439524
7,10000,0.379000000000005,8,0.0109999999999957,8,36.8413614879047,18.4206807439524
7,10000,0.381999999999991,8,0.0109999999999957,8,36.8413614879047,18.4206807439524
7,10000,0.38000000000001,8,0.0119999999999862,8,36.8413614879047,18.4206807439524
7,10000,0.382999999999996,8,0.0109999999999957,8,36.8413614879047,18.4206807439524
7,10000,0.378,8,0.0109999999999957,8,36.8413614879047,18.4206807439524
7,10000,0.378999999999991,8,0.0109999999999957,8,36.8413614879047,18.4206807439524
7,10000,0.381,8,0.0110000000000099,8,36.8413614879047,18.4206807439524
7,10000,0.382000000000005,8,0.0110000000000099,8,36.8413614879047,18.4206807439524
7,10000,0.382999999999996,8,0.0109999999999957,8,36.8413614879047,18.4206807439524
8,10000,0.350000000000009,9,0.0100000000000051,9,36.8413614879047,18.4206807439524
8,10000,0.341999999999999,9,0.0109999999999957,9,36.8413614879047,18.4206807439524
8,10000,0.346000000000004,9,0.0100000000000051,9,36.8413614879047,18.4206807439524
8,10000,0.347000000000008,9,0.0100000000000051,9,36.8413614879047,18.4206807439524
8,10000,0.341999999999999,9,0.012999999999991,9,36.8413614879047,18.4206807439524
8,10000,0.344000000000008,9,0.0099999999999909,9,36.8413614879047,18.4206807439524
8,10000,0.343000000000004,9,0.0109999999999957,9,36.8413614879047,18.4206807439524
8,10000,0.346000000000004,9,0.00900000000000034,9,36.8413614879047,18.4206807439524
8,10000,0.341000000000008,9,0.0109999999999957,9,36.8413614879047,18.4206807439524
8,10000,0.352000000000004,9,0.01400000000001,9,36.8413614879047,18.4206807439524
9,10000,0.320999999999998,10,0.0100000000000051,10,36.8413614879047,18.4206807439524
9,10000,0.317000000000007,10,0.00900000000000034,10,36.8413614879047,18.4206807439524
9,10000,0.317000000000007,10,0.00900000000000034,10,36.8413614879047,18.4206807439524
9,10000,0.314000000000007,10,0.00900000000000034,11,36.8413614879047,18.4206807439524
9,10000,0.315000000000012,10,0.0100000000000051,10,36.8413614879047,18.4206807439524
9,10000,0.317999999999998,10,0.00900000000000034,10,36.8413614879047,18.4206807439524
9,10000,0.322000000000003,10,0.0099999999999909,10,36.8413614879047,18.4206807439524
9,10000,0.319000000000003,10,0.00900000000000034,10,36.8413614879047,18.4206807439524
9,10000,0.314000000000007,10,0.00900000000001455,10,36.8413614879047,18.4206807439524
9,10000,0.317000000000007,10,0.00899999999998613,10,36.8413614879047,18.4206807439524
10,10000,0.293000000000006,11,0.0120000000000005,11,36.8413614879047,18.4206807439524
10,10000,0.283999999999992,11,0.00900000000001455,11,36.8413614879047,18.4206807439524
10,10000,0.290999999999997,11,0.00900000000001455,11,36.8413614879047,18.4206807439524
10,10000,0.288000000000011,11,0.00899999999998613,11,36.8413614879047,18.4206807439524
10,10000,0.289000000000016,11,0.00799999999998136,11,36.8413614879047,18.4206807439524
10,10000,0.287000000000006,11,0.00899999999998613,11,36.8413614879047,18.4206807439524
10,10000,0.289000000000016,11,0.00800000000000978,11,36.8413614879047,18.4206807439524
10,10000,0.293000000000006,11,0.00899999999998613,11,36.8413614879047,18.4206807439524
10,10000,0.290999999999997,11,0.00899999999998613,11,36.8413614879047,18.4206807439524
10,10000,0.289999999999992,11,0.0100000000000193,11,36.8413614879047,18.4206807439524
11,10000,0.268000000000001,12,0.007000000000005,12,36.8413614879047,18.4206807439524
11,10000,0.265000000000015,12,0.007000000000005,12,36.8413614879047,18.4206807439524
11,10000,0.26600000000002,12,0.00800000000000978,12,36.8413614879047,18.4206807439524
11,10000,0.265000000000015,12,0.00899999999998613,12,36.8413614879047,18.4206807439524
11,10000,0.275000000000006,12,0.00800000000000978,12,36.8413614879047,18.4206807439524
11,10000,0.274999999999977,12,0.00800000000000978,12,36.8413614879047,18.4206807439524
11,10000,0.27200000000002,12,0.00800000000000978,12,36.8413614879047,18.4206807439524
11,10000,0.272999999999996,12,0.00799999999998136,12,36.8413614879047,18.4206807439524
11,10000,0.271000000000015,12,0.00699999999997658,12,36.8413614879047,18.4206807439524
11,10000,0.268999999999977,12,0.00799999999998136,12,36.8413614879047,18.4206807439524
12,10000,0.252999999999986,13,0.007000000000005,13,36.8413614879047,18.4206807439524
12,10000,0.252999999999986,13,0.00800000000000978,13,36.8413614879047,18.4206807439524
12,10000,0.257000000000005,13,0.007000000000005,13,36.8413614879047,18.4206807439524
12,10000,0.25200000000001,13,0.007000000000005,13,36.8413614879047,18.4206807439524
12,10000,0.251000000000005,13,0.00800000000000978,13,36.8413614879047,18.4206807439524
12,10000,0.256,13,0.007000000000005,13,36.8413614879047,18.4206807439524
12,10000,0.251000000000005,13,0.007000000000005,13,36.8413614879047,18.4206807439524
12,10000,0.251000000000005,13,0.00800000000000978,13,36.8413614879047,18.4206807439524
12,10000,0.245999999999981,13,0.00799999999998136,13,36.8413614879047,18.4206807439524
12,10000,0.246999999999986,13,0.007000000000005,13,36.8413614879047,18.4206807439524
13,10000,0.230999999999995,14,0.00600000000000023,14,36.8413614879047,18.4206807439524
13,10000,0.231000000000023,14,0.00800000000000978,14,36.8413614879047,18.4206807439524
13,10000,0.231999999999999,14,0.00800000000000978,14,36.8413614879047,18.4206807439524
13,10000,0.22799999999998,14,0.00600000000000023,14,36.8413614879047,18.4206807439524
13,10000,0.231999999999999,14,0.007000000000005,14,36.8413614879047,18.4206807439524
13,10000,0.232999999999976,14,0.00799999999998136,14,36.8413614879047,18.4206807439524
13,10000,0.231999999999999,14,0.00799999999998136,14,36.8413614879047,18.4206807439524
13,10000,0.22999999999999,14,0.00900000000001455,14,36.8413614879047,18.4206807439524
13,10000,0.237000000000023,14,0.007000000000005,14,36.8413614879047,18.4206807439524
13,10000,0.23599999999999,14,0.007000000000005,14,36.8413614879047,18.4206807439524
14,10000,0.221000000000004,15,0.00800000000000978,15,36.8413614879047,18.4206807439524
14,10000,0.221000000000004,15,0.00800000000000978,15,36.8413614879047,18.4206807439524
14,10000,0.221000000000004,15,0.00600000000000023,15,36.8413614879047,18.4206807439524
14,10000,0.221000000000004,15,0.00800000000000978,15,36.8413614879047,18.4206807439524
14,10000,0.218999999999994,15,0.007000000000005,15,36.8413614879047,18.4206807439524
14,10000,0.216000000000008,15,0.00600000000000023,15,36.8413614879047,18.4206807439524
14,10000,0.219999999999999,15,0.00699999999997658,15,36.8413614879047,18.4206807439524
14,10000,0.221000000000004,15,0.00600000000000023,15,36.8413614879047,18.4206807439524
14,10000,0.223000000000013,15,0.00600000000000023,15,36.8413614879047,18.4206807439524
14,10000,0.218000000000018,15,0.00600000000000023,15,36.8413614879047,18.4206807439524
15,10000,0.201999999999998,16,0.00800000000000978,16,36.8413614879047,18.4206807439524
15,10000,0.206000000000017,16,0.00600000000000023,16,36.8413614879047,18.4206807439524
15,10000,0.205000000000013,16,0.007000000000005,16,36.8413614879047,18.4206807439524
15,10000,0.203000000000003,16,0.007000000000005,16,36.8413614879047,18.4206807439524
15,10000,0.204999999999984,16,0.00500000000002387,16,36.8413614879047,18.4206807439524
15,10000,0.206999999999994,16,0.007000000000005,16,36.8413614879047,18.4206807439524
15,10000,0.209000000000003,16,0.00600000000000023,16,36.8413614879047,18.4206807439524
15,10000,0.204999999999984,16,0.00600000000000023,16,36.8413614879047,18.4206807439524
15,10000,0.206999999999994,16,0.00600000000000023,16,36.8413614879047,18.4206807439524
15,10000,0.206999999999994,16,0.00600000000000023,16,36.8413614879047,18.4206807439524
16,10000,0.198000000000008,17,0.00499999999999545,17,36.8413614879047,18.4206807439524
16,10000,0.198000000000008,17,0.00499999999999545,17,36.8413614879047,18.4206807439524
16,10000,0.198000000000008,17,0.00600000000000023,17,36.8413614879047,18.4206807439524
16,10000,0.193999999999988,17,0.00600000000000023,17,36.8413614879047,18.4206807439524
16,10000,0.197000000000003,17,0.00600000000000023,17,36.8413614879047,18.4206807439524
16,10000,0.193999999999988,17,0.00499999999999545,17,36.8413614879047,18.4206807439524
16,10000,0.194999999999993,17,0.00600000000000023,17,36.8413614879047,18.4206807439524
16,10000,0.193999999999988,17,0.007000000000005,17,36.8413614879047,18.4206807439524
16,10000,0.198000000000008,17,0.00499999999999545,17,36.8413614879047,18.4206807439524
16,10000,0.195000000000022,17,0.00600000000000023,17,36.8413614879047,18.4206807439524
17,10000,0.188000000000017,18,0.00499999999999545,18,36.8413614879047,18.4206807439524
17,10000,0.189999999999998,18,0.00600000000000023,18,36.8413614879047,18.4206807439524
17,10000,0.187999999999988,18,0.00600000000000023,18,36.8413614879047,18.4206807439524
17,10000,0.183999999999997,18,0.00499999999999545,18,36.8413614879047,18.4206807439524
17,10000,0.184000000000026,18,0.00799999999998136,18,36.8413614879047,18.4206807439524
17,10000,0.185000000000002,18,0.00600000000000023,18,36.8413614879047,18.4206807439524
17,10000,0.184999999999974,18,0.00600000000000023,18,36.8413614879047,18.4206807439524
17,10000,0.185000000000002,18,0.00600000000000023,18,36.8413614879047,18.4206807439524
17,10000,0.185000000000002,18,0.00599999999997181,18,36.8413614879047,18.4206807439524
17,10000,0.186000000000007,18,0.00600000000000023,18,36.8413614879047,18.4206807439524
18,10000,0.176999999999992,19,0.00600000000000023,19,36.8413614879047,18.4206807439524
18,10000,0.181000000000012,19,0.00600000000000023,19,36.8413614879047,18.4206807439524
18,10000,0.175000000000011,19,0.00499999999999545,19,36.8413614879047,18.4206807439524
18,10000,0.180999999999983,19,0.00600000000000023,19,36.8413614879047,18.4206807439524
18,10000,0.183999999999997,19,0.00600000000000023,19,36.8413614879047,18.4206807439524
18,10000,0.177999999999997,19,0.00600000000000023,19,36.8413614879047,18.4206807439524
18,10000,0.179000000000002,19,0.00499999999999545,19,36.8413614879047,18.4206807439524
18,10000,0.179000000000002,19,0.007000000000005,19,36.8413614879047,18.4206807439524
18,10000,0.177999999999997,19,0.00499999999999545,19,36.8413614879047,18.4206807439524
18,10000,0.177999999999997,19,0.007000000000005,19,36.8413614879047,18.4206807439524
19,10000,0.174000000000007,20,0.00499999999999545,20,36.8413614879047,18.4206807439524
19,10000,0.169999999999987,20,0.00499999999999545,20,36.8413614879047,18.4206807439524
19,10000,0.172999999999973,20,0.00600000000000023,20,36.8413614879047,18.4206807439524
19,10000,0.169999999999987,20,0.00499999999999545,20,36.8413614879047,18.4206807439524
19,10000,0.170000000000016,20,0.00499999999999545,20,36.8413614879047,18.4206807439524
19,10000,0.170999999999992,20,0.00600000000000023,20,36.8413614879047,18.4206807439524
19,10000,0.170999999999992,20,0.00499999999999545,20,36.8413614879047,18.4206807439524
19,10000,0.170000000000016,20,0.00600000000000023,20,36.8413614879047,18.4206807439524
19,10000,0.169000000000011,20,0.00499999999999545,20,36.8413614879047,18.4206807439524
19,10000,0.168999999999983,20,0.00499999999999545,20,36.8413614879047,18.4206807439524
20,10000,0.162000000000006,21,0.00399999999999068,21,36.8413614879047,18.4206807439524
20,10000,0.163999999999987,21,0.00500000000002387,21,36.8413614879047,18.4206807439524
20,10000,0.163000000000011,21,0.00699999999997658,21,36.8413614879047,18.4206807439524
20,10000,0.16500000000002,21,0.00399999999999068,21,36.8413614879047,18.4206807439524
20,10000,0.161999999999978,21,0.00500000000002387,21,36.8413614879047,18.4206807439524
20,10000,0.161000000000001,21,0.00499999999999545,21,36.8413614879047,18.4206807439524
20,10000,0.163999999999987,21,0.00399999999999068,21,36.8413614879047,18.4206807439524
20,10000,0.172999999999973,21,0.00600000000000023,21,36.8413614879047,18.4206807439524
20,10000,0.167999999999978,21,0.00499999999999545,21,36.8413614879047,18.4206807439524
20,10000,0.167000000000002,21,0.00399999999999068,21,36.8413614879047,18.4206807439524
21,10000,0.160999999999973,22,0.00799999999998136,22,36.8413614879047,18.4206807439524
21,10000,0.161000000000001,22,0.00499999999999545,22,36.8413614879047,18.4206807439524
21,10000,0.15900000000002,22,0.00399999999999068,22,36.8413614879047,18.4206807439524
21,10000,0.160999999999973,22,0.00499999999999545,22,36.8413614879047,18.4206807439524
21,10000,0.159999999999997,22,0.00499999999999545,22,36.8413614879047,18.4206807439524
21,10000,0.159999999999997,22,0.00499999999999545,22,36.8413614879047,18.4206807439524
21,10000,0.157999999999987,22,0.00399999999999068,22,36.8413614879047,18.4206807439524
21,10000,0.15900000000002,22,0.00500000000002387,22,36.8413614879047,18.4206807439524
21,10000,0.158000000000015,22,0.00499999999999545,22,36.8413614879047,18.4206807439524
21,10000,0.157999999999987,22,0.00600000000000023,22,36.8413614879047,18.4206807439524
22,10000,0.152000000000015,23,0.00600000000000023,23,36.8413614879047,18.4206807439524
22,10000,0.152999999999992,23,0.00600000000000023,23,36.8413614879047,18.4206807439524
22,10000,0.15300000000002,23,0.00600000000000023,23,36.8413614879047,18.4206807439524
22,10000,0.152999999999992,23,0.00499999999999545,24,36.8413614879047,18.4206807439524
22,10000,0.152999999999992,23,0.00499999999999545,23,36.8413614879047,18.4206807439524
22,10000,0.154000000000025,23,0.00600000000000023,23,36.8413614879047,18.4206807439524
22,10000,0.152999999999992,23,0.00499999999999545,23,36.8413614879047,18.4206807439524
22,10000,0.152999999999992,23,0.00500000000002387,23,36.8413614879047,18.4206807439524
22,10000,0.153999999999996,23,0.00399999999999068,23,36.8413614879047,18.4206807439524
22,10000,0.155000000000001,23,0.00499999999999545,23,36.8413614879047,18.4206807439524
23,10000,0.149000000000001,24,0.00499999999999545,24,36.8413614879047,18.4206807439524
23,10000,0.146999999999991,24,0.00399999999999068,24,36.8413614879047,18.4206807439524
23,10000,0.148000000000025,24,0.00399999999999068,24,36.8413614879047,18.4206807439524
23,10000,0.149000000000001,24,0.0040000000000191,24,36.8413614879047,18.4206807439524
23,10000,0.150000000000006,24,0.00499999999999545,24,36.8413614879047,18.4206807439524
23,10000,0.145999999999987,24,0.00500000000002387,24,36.8413614879047,18.4206807439524
23,10000,0.147999999999996,24,0.00500000000002387,24,36.8413614879047,18.4206807439524
23,10000,0.14500000000001,24,0.0040000000000191,24,36.8413614879047,18.4206807439524
23,10000,0.149000000000001,24,0.00499999999999545,24,36.8413614879047,18.4206807439524
23,10000,0.149000000000001,24,0.00499999999999545,24,36.8413614879047,18.4206807439524
24,10000,0.141999999999996,25,0.00500000000002387,25,36.8413614879047,18.4206807439524
24,10000,0.143000000000001,25,0.00499999999999545,25,36.8413614879047,18.4206807439524
24,10000,0.143999999999977,25,0.0040000000000191,25,36.8413614879047,18.4206807439524
24,10000,0.143000000000001,25,0.0040000000000191,25,36.8413614879047,18.4206807439524
24,10000,0.144000000000005,25,0.00399999999999068,25,36.8413614879047,18.4206807439524
24,10000,0.141999999999996,25,0.00399999999999068,25,36.8413614879047,18.4206807439524
24,10000,0.13900000000001,25,0.00499999999999545,25,36.8413614879047,18.4206807439524
24,10000,0.140000000000015,25,0.00399999999999068,25,36.8413614879047,18.4206807439524
24,10000,0.13900000000001,25,0.00499999999999545,25,36.8413614879047,18.4206807439524
24,10000,0.138000000000005,25,0.0040000000000191,25,36.8413614879047,18.4206807439524
25,10000,0.13900000000001,26,0.00500000000000966,26,36.8413614879047,18.4206807439524
25,10000,0.138999999999996,26,0.00499999999999545,26,36.8413614879047,18.4206807439524
25,10000,0.140000000000001,26,0.00400000000000489,26,36.8413614879047,18.4206807439524
25,10000,0.140000000000001,26,0.00400000000000489,26,36.8413614879047,18.4206807439524
25,10000,0.138999999999996,26,0.00600000000000023,26,36.8413614879047,18.4206807439524
25,10000,0.141000000000005,26,0.00499999999999545,26,36.8413614879047,18.4206807439524
25,10000,0.141999999999996,26,0.00400000000000489,26,36.8413614879047,18.4206807439524
25,10000,0.140000000000001,26,0.00600000000000023,26,36.8413614879047,18.4206807439524
25,10000,0.143000000000001,26,0.00400000000000489,26,36.8413614879047,18.4206807439524
25,10000,0.140000000000001,26,0.00400000000000489,26,36.8413614879047,18.4206807439524
26,10000,0.135999999999996,27,0.00400000000000489,27,36.8413614879047,18.4206807439524
26,10000,0.135000000000005,27,0.00400000000000489,27,36.8413614879047,18.4206807439524
26,10000,0.132999999999996,27,0.00400000000000489,27,36.8413614879047,18.4206807439524
26,10000,0.13600000000001,27,0.00400000000000489,27,36.8413614879047,18.4206807439524
26,10000,0.135000000000005,27,0.00400000000000489,27,36.8413614879047,18.4206807439524
26,10000,0.135000000000005,27,0.00400000000000489,27,36.8413614879047,18.4206807439524
26,10000,0.138000000000005,27,0.00400000000000489,27,36.8413614879047,18.4206807439524
26,10000,0.137999999999991,27,0.00500000000000966,27,36.8413614879047,18.4206807439524
26,10000,0.135999999999996,27,0.00399999999999068,27,36.8413614879047,18.4206807439524
26,10000,0.137,27,0.00399999999999068,27,36.8413614879047,18.4206807439524
27,10000,0.129000000000005,28,0.00400000000000489,28,36.8413614879047,18.4206807439524
27,10000,0.129000000000005,28,0.00300000000000011,28,36.8413614879047,18.4206807439524
27,10000,0.131,28,0.00499999999999545,28,36.8413614879047,18.4206807439524
27,10000,0.132999999999996,28,0.00300000000000011,28,36.8413614879047,18.4206807439524
27,10000,0.131,28,0.00500000000000966,28,36.8413614879047,18.4206807439524
27,10000,0.129999999999995,28,0.00400000000000489,28,36.8413614879047,18.4206807439524
27,10000,0.128,28,0.00300000000000011,28,36.8413614879047,18.4206807439524
27,10000,0.13300000000001,28,0.00300000000000011,28,36.8413614879047,18.4206807439524
27,10000,0.131,28,0.00400000000000489,28,36.8413614879047,18.4206807439524
27,10000,0.129999999999995,28,0.00300000000000011,28,36.8413614879047,18.4206807439524
28,10000,0.125,29,0.00400000000000489,29,36.8413614879047,18.4206807439524
28,10000,0.126999999999995,29,0.00400000000000489,29,36.8413614879047,18.4206807439524
28,10000,0.125999999999991,29,0.00399999999999068,29,36.8413614879047,18.4206807439524
28,10000,0.126000000000005,29,0.00400000000000489,29,36.8413614879047,18.4206807439524
28,10000,0.125999999999991,29,0.00400000000000489,30,36.8413614879047,18.4206807439524
28,10000,0.128,29,0.00400000000000489,29,36.8413614879047,18.4206807439524
28,10000,0.128,29,0.00399999999999068,29,36.8413614879047,18.4206807439524
28,10000,0.126999999999995,29,0.00500000000000966,29,36.8413614879047,18.4206807439524
28,10000,0.128,29,0.00399999999999068,29,36.8413614879047,18.4206807439524
28,10000,0.128,29,0.00399999999999068,29,36.8413614879047,18.4206807439524
29,10000,0.126000000000005,30,0.00400000000000489,30,36.8413614879047,18.4206807439524
29,10000,0.12299999999999,30,0.00399999999999068,30,36.8413614879047,18.4206807439524
29,10000,0.125999999999991,30,0.00399999999999068,30,36.8413614879047,18.4206807439524
29,10000,0.123999999999995,30,0.00300000000000011,30,36.8413614879047,18.4206807439524
29,10000,0.125,30,0.00400000000000489,30,36.8413614879047,18.4206807439524
29,10000,0.123000000000005,30,0.00400000000000489,30,36.8413614879047,18.4206807439524
29,10000,0.123999999999995,30,0.00400000000000489,30,36.8413614879047,18.4206807439524
29,10000,0.122,30,0.00300000000000011,30,36.8413614879047,18.4206807439524
29,10000,0.122,30,0.00300000000000011,30,36.8413614879047,18.4206807439524
29,10000,0.122,30,0.00400000000000489,30,36.8413614879047,18.4206807439524
30,10000,0.119,31,0.00399999999999068,31,36.8413614879047,18.4206807439524
30,10000,0.119,31,0.00300000000000011,31,36.8413614879047,18.4206807439524
30,10000,0.119,31,0.00400000000000489,31,36.8413614879047,18.4206807439524
30,10000,0.117999999999995,31,0.00399999999999068,31,36.8413614879047,18.4206807439524
30,10000,0.117999999999995,31,0.00499999999999545,31,36.8413614879047,18.4206807439524
30,10000,0.11999999999999,31,0.00400000000000489,31,36.8413614879047,18.4206807439524
30,10000,0.119,31,0.00400000000000489,31,36.8413614879047,18.4206807439524
30,10000,0.122,31,0.00400000000000489,31,36.8413614879047,18.4206807439524
30,10000,0.119,31,0.00400000000000489,31,36.8413614879047,18.4206807439524
30,10000,0.121000000000009,31,0.00400000000000489,31,36.8413614879047,18.4206807439524
31,10000,0.118000000000009,32,0.00300000000000011,32,36.8413614879047,18.4206807439524
31,10000,0.119,32,0.00400000000000489,32,36.8413614879047,18.4206807439524
31,10000,0.117000000000004,32,0.00399999999999068,32,36.8413614879047,18.4206807439524
31,10000,0.117000000000004,32,0.00400000000000489,33,36.8413614879047,18.4206807439524
31,10000,0.118000000000009,32,0.00399999999999068,32,36.8413614879047,18.4206807439524
31,10000,0.11699999999999,32,0.00400000000000489,33,36.8413614879047,18.4206807439524
31,10000,0.117000000000004,32,0.00400000000000489,32,36.8413614879047,18.4206807439524
31,10000,0.116,32,0.00300000000000011,32,36.8413614879047,18.4206807439524
31,10000,0.118000000000009,32,0.00500000000000966,32,36.8413614879047,18.4206807439524
31,10000,0.118000000000009,32,0.00500000000000966,32,36.8413614879047,18.4206807439524
32,10000,0.113,33,0.00399999999999068,33,36.8413614879047,18.4206807439524
32,10000,0.114000000000004,33,0.00300000000000011,33,36.8413614879047,18.4206807439524
32,10000,0.115000000000009,33,0.00400000000000489,33,36.8413614879047,18.4206807439524
32,10000,0.114000000000004,33,0.00400000000000489,33,36.8413614879047,18.4206807439524
32,10000,0.11399999999999,33,0.00400000000000489,33,36.8413614879047,18.4206807439524
32,10000,0.114999999999995,33,0.00400000000000489,33,36.8413614879047,18.4206807439524
32,10000,0.114000000000004,33,0.00300000000000011,33,36.8413614879047,18.4206807439524
32,10000,0.113,33,0.00400000000000489,33,36.8413614879047,18.4206807439524
32,10000,0.11399999999999,33,0.00300000000000011,33,36.8413614879047,18.4206807439524
32,10000,0.115000000000009,33,0.00300000000000011,33,36.8413614879047,18.4206807439524
33,10000,0.109999999999999,34,0.00300000000000011,34,36.8413614879047,18.4206807439524
33,10000,0.109999999999999,34,0.00300000000000011,34,36.8413614879047,18.4206807439524
33,10000,0.111999999999995,34,0.00399999999999068,34,36.8413614879047,18.4206807439524
33,10000,0.111999999999995,34,0.00300000000000011,34,36.8413614879047,18.4206807439524
33,10000,0.111000000000004,34,0.00399999999999068,34,36.8413614879047,18.4206807439524
33,10000,0.111000000000004,34,0.00400000000000489,34,36.8413614879047,18.4206807439524
33,10000,0.111000000000004,34,0.00399999999999068,34,36.8413614879047,18.4206807439524
33,10000,0.111000000000004,34,0.00300000000000011,34,36.8413614879047,18.4206807439524
33,10000,0.11099999999999,34,0.00300000000000011,34,36.8413614879047,18.4206807439524
33,10000,0.111000000000004,34,0.00400000000000489,34,36.8413614879047,18.4206807439524
34,10000,0.109000000000009,35,0.00400000000000489,35,36.8413614879047,18.4206807439524
34,10000,0.109000000000009,35,0.00300000000000011,35,36.8413614879047,18.4206807439524
34,10000,0.109999999999999,35,0.00300000000000011,35,36.8413614879047,18.4206807439524
34,10000,0.108999999999995,35,0.00399999999999068,35,36.8413614879047,18.4206807439524
34,10000,0.108999999999995,35,0.00300000000000011,35,36.8413614879047,18.4206807439524
34,10000,0.108999999999995,35,0.00400000000000489,35,36.8413614879047,18.4206807439524
34,10000,0.109000000000009,35,0.00300000000000011,35,36.8413614879047,18.4206807439524
34,10000,0.109999999999999,35,0.00500000000000966,35,36.8413614879047,18.4206807439524
34,10000,0.108000000000004,35,0.00399999999999068,35,36.8413614879047,18.4206807439524
34,10000,0.109999999999999,35,0.00400000000000489,35,36.8413614879047,18.4206807439524
35,10000,0.108000000000004,36,0.00300000000000011,36,36.8413614879047,18.4206807439524
35,10000,0.108000000000004,36,0.0029999999999859,36,36.8413614879047,18.4206807439524
35,10000,0.10799999999999,36,0.00300000000000011,36,36.8413614879047,18.4206807439524
35,10000,0.106999999999999,36,0.00399999999999068,36,36.8413614879047,18.4206807439524
35,10000,0.106000000000009,36,0.00300000000000011,36,36.8413614879047,18.4206807439524
35,10000,0.108000000000004,36,0.00300000000000011,36,36.8413614879047,18.4206807439524
35,10000,0.106000000000009,36,0.00300000000000011,36,36.8413614879047,18.4206807439524
35,10000,0.106999999999999,36,0.00399999999999068,36,36.8413614879047,18.4206807439524
35,10000,0.108000000000004,36,0.00300000000000011,37,36.8413614879047,18.4206807439524
35,10000,0.106999999999999,36,0.00300000000000011,36,36.8413614879047,18.4206807439524
36,10000,0.103999999999999,37,0.00300000000000011,37,36.8413614879047,18.4206807439524
36,10000,0.10499999999999,37,0.00300000000000011,37,36.8413614879047,18.4206807439524
36,10000,0.105000000000004,37,0.00300000000000011,37,36.8413614879047,18.4206807439524
36,10000,0.105000000000004,37,0.00300000000000011,37,36.8413614879047,18.4206807439524
36,10000,0.103000000000009,37,0.00300000000000011,37,36.8413614879047,18.4206807439524
36,10000,0.105000000000004,37,0.00300000000000011,37,36.8413614879047,18.4206807439524
36,10000,0.103999999999999,37,0.00300000000000011,37,36.8413614879047,18.4206807439524
36,10000,0.102999999999994,37,0.00400000000000489,37,36.8413614879047,18.4206807439524
36,10000,0.103999999999999,37,0.00300000000000011,37,36.8413614879047,18.4206807439524
36,10000,0.103000000000009,37,0.00399999999999068,37,36.8413614879047,18.4206807439524
37,10000,0.102000000000004,38,0.00300000000000011,38,36.8413614879047,18.4206807439524
37,10000,0.102999999999994,38,0.00399999999999068,38,36.8413614879047,18.4206807439524
37,10000,0.10199999999999,38,0.00300000000000011,38,36.8413614879047,18.4206807439524
37,10000,0.103000000000009,38,0.00399999999999068,38,36.8413614879047,18.4206807439524
37,10000,0.103000000000009,38,0.00300000000000011,38,36.8413614879047,18.4206807439524
37,10000,0.103000000000009,38,0.00300000000000011,38,36.8413614879047,18.4206807439524
37,10000,0.102999999999994,38,0.00300000000000011,38,36.8413614879047,18.4206807439524
37,10000,0.103999999999999,38,0.00300000000000011,38,36.8413614879047,18.4206807439524
37,10000,0.102999999999994,38,0.00399999999999068,38,36.8413614879047,18.4206807439524
37,10000,0.103000000000009,38,0.00300000000000011,38,36.8413614879047,18.4206807439524
38,10000,0.102000000000004,39,0.00300000000000011,39,36.8413614879047,18.4206807439524
38,10000,0.100999999999999,39,0.00300000000000011,39,36.8413614879047,18.4206807439524
38,10000,0.101000000000013,39,0.00300000000000011,39,36.8413614879047,18.4206807439524
38,10000,0.102000000000004,39,0.00300000000000011,39,36.8413614879047,18.4206807439524
38,10000,0.100999999999999,39,0.00300000000000011,39,36.8413614879047,18.4206807439524
38,10000,0.10199999999999,39,0.00399999999999068,39,36.8413614879047,18.4206807439524
38,10000,0.102000000000004,39,0.00300000000000011,39,36.8413614879047,18.4206807439524
38,10000,0.100999999999999,39,0.00300000000000011,39,36.8413614879047,18.4206807439524
38,10000,0.0999999999999943,39,0.00300000000000011,39,36.8413614879047,18.4206807439524
38,10000,0.100999999999999,39,0.00300000000000011,39,36.8413614879047,18.4206807439524
39,10000,0.097999999999999,40,0.00300000000000011,40,36.8413614879047,18.4206807439524
39,10000,0.097999999999999,40,0.00300000000000011,41,36.8413614879047,18.4206807439524
39,10000,0.0969999999999942,40,0.00300000000000011,40,36.8413614879047,18.4206807439524
39,10000,0.0959999999999894,40,0.00300000000000011,41,36.8413614879047,18.4206807439524
39,10000,0.097999999999999,40,0.00300000000000011,40,36.8413614879047,18.4206807439524
39,10000,0.0960000000000036,40,0.00400000000000489,40,36.8413614879047,18.4206807439524
39,10000,0.0969999999999942,40,0.00300000000000011,40,36.8413614879047,18.4206807439524
39,10000,0.0969999999999942,40,0.00300000000000011,40,36.8413614879047,18.4206807439524
39,10000,0.097999999999999,40,0.00400000000000489,40,36.8413614879047,18.4206807439524
39,10000,0.0969999999999942,40,0.00400000000000489,40,36.8413614879047,18.4206807439524
40,10000,0.0969999999999942,41,0.00300000000000011,41,36.8413614879047,18.4206807439524
40,10000,0.0960000000000036,41,0.00300000000000011,41,36.8413614879047,18.4206807439524
40,10000,0.0969999999999942,41,0.00399999999999068,41,36.8413614879047,18.4206807439524
40,10000,0.0960000000000036,41,0.00300000000000011,41,36.8413614879047,18.4206807439524
40,10000,0.0969999999999942,41,0.00300000000000011,41,36.8413614879047,18.4206807439524
40,10000,0.0969999999999942,41,0.00400000000000489,41,36.8413614879047,18.4206807439524
40,10000,0.0969999999999942,41,0.00300000000000011,41,36.8413614879047,18.4206807439524
40,10000,0.0959999999999894,41,0.00199999999999534,41,36.8413614879047,18.4206807439524
40,10000,0.0969999999999942,41,0.00300000000000011,41,36.8413614879047,18.4206807439524
40,10000,0.0960000000000036,41,0.00400000000000489,41,36.8413614879047,18.4206807439524
41,10000,0.0930000000000035,42,0.00400000000000489,42,36.8413614879047,18.4206807439524
41,10000,0.0930000000000035,42,0.00199999999999534,42,36.8413614879047,18.4206807439524
41,10000,0.0930000000000035,42,0.00200000000000955,42,36.8413614879047,18.4206807439524
41,10000,0.0939999999999941,42,0.00300000000000011,42,36.8413614879047,18.4206807439524
41,10000,0.0930000000000035,42,0.00300000000000011,42,36.8413614879047,18.4206807439524
41,10000,0.0930000000000035,42,0.00300000000000011,42,36.8413614879047,18.4206807439524
41,10000,0.0939999999999941,42,0.00300000000000011,42,36.8413614879047,18.4206807439524
41,10000,0.0949999999999989,42,0.00300000000000011,42,36.8413614879047,18.4206807439524
41,10000,0.0930000000000035,42,0.00199999999999534,42,36.8413614879047,18.4206807439524
41,10000,0.0929999999999893,42,0.00300000000000011,42,36.8413614879047,18.4206807439524
42,10000,0.0919999999999987,43,0.00300000000000011,43,36.8413614879047,18.4206807439524
42,10000,0.0929999999999893,43,0.00300000000000011,43,36.8413614879047,18.4206807439524
42,10000,0.0929999999999893,43,0.00300000000000011,43,36.8413614879047,18.4206807439524
42,10000,0.0930000000000035,43,0.00300000000000011,43,36.8413614879047,18.4206807439524
42,10000,0.0930000000000035,43,0.00300000000000011,43,36.8413614879047,18.4206807439524
42,10000,0.0940000000000083,43,0.00300000000000011,43,36.8413614879047,18.4206807439524
42,10000,0.0930000000000035,43,0.00300000000000011,44,36.8413614879047,18.4206807439524
42,10000,0.0919999999999987,43,0.00199999999999534,43,36.8413614879047,18.4206807439524
42,10000,0.0949999999999989,43,0.00300000000000011,43,36.8413614879047,18.4206807439524
42,10000,0.0930000000000035,43,0.00200000000000955,43,36.8413614879047,18.4206807439524
43,10000,0.0919999999999987,44,0.00200000000000955,44,36.8413614879047,18.4206807439524
43,10000,0.0910000000000082,44,0.00300000000000011,44,36.8413614879047,18.4206807439524
43,10000,0.0899999999999892,44,0.00199999999999534,44,36.8413614879047,18.4206807439524
43,10000,0.0900000000000034,44,0.00300000000000011,44,36.8413614879047,18.4206807439524
43,10000,0.0919999999999987,44,0.00300000000000011,44,36.8413614879047,18.4206807439524
43,10000,0.0899999999999892,44,0.00300000000000011,44,36.8413614879047,18.4206807439524
43,10000,0.0900000000000034,44,0.00300000000000011,44,36.8413614879047,18.4206807439524
43,10000,0.0889999999999986,44,0.00300000000000011,44,36.8413614879047,18.4206807439524
43,10000,0.0889999999999986,44,0.00300000000000011,44,36.8413614879047,18.4206807439524
43,10000,0.0930000000000035,44,0.00300000000000011,44,36.8413614879047,18.4206807439524
44,10000,0.0889999999999986,45,0.00300000000000011,45,36.8413614879047,18.4206807439524
44,10000,0.0889999999999986,45,0.00300000000000011,45,36.8413614879047,18.4206807439524
44,10000,0.090999999999994,45,0.00300000000000011,45,36.8413614879047,18.4206807439524
44,10000,0.0880000000000081,45,0.00300000000000011,45,36.8413614879047,18.4206807439524
44,10000,0.0879999999999939,45,0.00199999999999534,45,36.8413614879047,18.4206807439524
44,10000,0.0869999999999891,45,0.00300000000000011,45,36.8413614879047,18.4206807439524
44,10000,0.0889999999999986,45,0.00300000000000011,45,36.8413614879047,18.4206807439524
44,10000,0.0880000000000081,45,0.00199999999999534,45,36.8413614879047,18.4206807439524
44,10000,0.0889999999999986,45,0.00300000000000011,45,36.8413614879047,18.4206807439524
44,10000,0.0930000000000035,45,0.00300000000000011,45,36.8413614879047,18.4206807439524
45,10000,0.0870000000000033,46,0.00300000000000011,46,36.8413614879047,18.4206807439524
45,10000,0.0870000000000033,46,0.00300000000000011,46,36.8413614879047,18.4206807439524
45,10000,0.0889999999999986,46,0.00300000000000011,46,36.8413614879047,18.4206807439524
45,10000,0.0870000000000033,46,0.00199999999999534,46,36.8413614879047,18.4206807439524
45,10000,0.0879999999999939,46,0.00199999999999534,46,36.8413614879047,18.4206807439524
45,10000,0.0870000000000033,46,0.00199999999999534,46,36.8413614879047,18.4206807439524
45,10000,0.0870000000000033,46,0.00300000000000011,46,36.8413614879047,18.4206807439524
45,10000,0.0870000000000033,46,0.00300000000000011,46,36.8413614879047,18.4206807439524
45,10000,0.0859999999999985,46,0.00300000000000011,46,36.8413614879047,18.4206807439524
45,10000,0.0849999999999937,46,0.00300000000000011,46,36.8413614879047,18.4206807439524
46,10000,0.0859999999999985,47,0.00300000000000011,47,36.8413614879047,18.4206807439524
46,10000,0.0849999999999937,47,0.00200000000000955,47,36.8413614879047,18.4206807439524
46,10000,0.0829999999999984,47,0.00199999999999534,47,36.8413614879047,18.4206807439524
46,10000,0.0829999999999984,47,0.00300000000000011,47,36.8413614879047,18.4206807439524
46,10000,0.0840000000000032,47,0.00300000000000011,47,36.8413614879047,18.4206807439524
46,10000,0.0840000000000032,47,0.00199999999999534,47,36.8413614879047,18.4206807439524
46,10000,0.0840000000000032,47,0.00300000000000011,47,36.8413614879047,18.4206807439524
46,10000,0.0849999999999937,47,0.00200000000000955,47,36.8413614879047,18.4206807439524
46,10000,0.083999999999989,47,0.00300000000000011,47,36.8413614879047,18.4206807439524
46,10000,0.0840000000000032,47,0.00300000000000011,47,36.8413614879047,18.4206807439524
47,10000,0.0829999999999984,48,0.00200000000000955,48,36.8413614879047,18.4206807439524
47,10000,0.0849999999999937,48,0.00300000000000011,48,36.8413614879047,18.4206807439524
47,10000,0.085000000000008,48,0.00300000000000011,48,36.8413614879047,18.4206807439524
47,10000,0.0840000000000032,48,0.00300000000000011,48,36.8413614879047,18.4206807439524
47,10000,0.0820000000000078,48,0.00300000000000011,48,36.8413614879047,18.4206807439524
47,10000,0.0829999999999984,48,0.00300000000000011,48,36.8413614879047,18.4206807439524
47,10000,0.085000000000008,48,0.00300000000000011,48,36.8413614879047,18.4206807439524
47,10000,0.0829999999999984,48,0.00199999999999534,48,36.8413614879047,18.4206807439524
47,10000,0.0819999999999936,48,0.00300000000000011,48,36.8413614879047,18.4206807439524
47,10000,0.0859999999999985,48,0.00300000000000011,48,36.8413614879047,18.4206807439524
48,10000,0.0820000000000078,49,0.00199999999999534,49,36.8413614879047,18.4206807439524
48,10000,0.0829999999999984,49,0.00300000000000011,49,36.8413614879047,18.4206807439524
48,10000,0.0829999999999984,49,0.00300000000000011,49,36.8413614879047,18.4206807439524
48,10000,0.0829999999999984,49,0.00200000000000955,49,36.8413614879047,18.4206807439524
48,10000,0.0819999999999936,49,0.00200000000000955,49,36.8413614879047,18.4206807439524
48,10000,0.0820000000000078,49,0.00300000000000011,49,36.8413614879047,18.4206807439524
48,10000,0.0829999999999984,49,0.00300000000000011,49,36.8413614879047,18.4206807439524
48,10000,0.0809999999999889,49,0.00300000000000011,49,36.8413614879047,18.4206807439524
48,10000,0.0810000000000031,49,0.00300000000000011,49,36.8413614879047,18.4206807439524
48,10000,0.0809999999999889,49,0.00300000000000011,49,36.8413614879047,18.4206807439524
49,10000,0.0829999999999984,50,0.00300000000000011,50,36.8413614879047,18.4206807439524
49,10000,0.0810000000000031,50,0.00200000000000955,50,36.8413614879047,18.4206807439524
49,10000,0.0829999999999984,50,0.00300000000000011,50,36.8413614879047,18.4206807439524
49,10000,0.0820000000000078,50,0.00199999999999534,51,36.8413614879047,18.4206807439524
49,10000,0.0819999999999936,50,0.00300000000000011,50,36.8413614879047,18.4206807439524
49,10000,0.0799999999999983,50,0.00300000000000011,50,36.8413614879047,18.4206807439524
49,10000,0.0810000000000031,50,0.00199999999999534,50,36.8413614879047,18.4206807439524
49,10000,0.0809999999999889,50,0.00300000000000011,50,36.8413614879047,18.4206807439524
49,10000,0.0810000000000031,50,0.00199999999999534,50,36.8413614879047,18.4206807439524
49,10000,0.0799999999999983,50,0.00199999999999534,50,36.8413614879047,18.4206807439524
50,10000,0.0820000000000078,51,0.00400000000000489,51,36.8413614879047,18.4206807439524
50,10000,0.0810000000000031,51,0.00300000000000011,51,36.8413614879047,18.4206807439524
50,10000,0.0810000000000031,51,0.00199999999999534,51,36.8413614879047,18.4206807439524
50,10000,0.0799999999999983,51,0.00300000000000011,51,36.8413614879047,18.4206807439524
50,10000,0.0810000000000031,51,0.0029999999999859,51,36.8413614879047,18.4206807439524
50,10000,0.0810000000000031,51,0.00199999999999534,51,36.8413614879047,18.4206807439524
50,10000,0.0810000000000031,51,0.00199999999999534,51,36.8413614879047,18.4206807439524
50,10000,0.0810000000000031,51,0.00300000000000011,51,36.8413614879047,18.4206807439524
50,10000,0.0820000000000078,51,0.00199999999999534,51,36.8413614879047,18.4206807439524
50,10000,0.0819999999999936,51,0.00300000000000011,51,36.8413614879047,18.4206807439524
51,10000,0.0799999999999983,52,0.00199999999999534,52,36.8413614879047,18.4206807439524
51,10000,0.0810000000000031,52,0.00300000000000011,52,36.8413614879047,18.4206807439524
51,10000,0.0799999999999983,52,0.00199999999999534,52,36.8413614879047,18.4206807439524
51,10000,0.0799999999999983,52,0.00199999999999534,52,36.8413614879047,18.4206807439524
51,10000,0.0820000000000078,52,0.00300000000000011,52,36.8413614879047,18.4206807439524
51,10000,0.0790000000000077,52,0.00199999999999534,52,36.8413614879047,18.4206807439524
51,10000,0.0810000000000031,52,0.00200000000000955,53,36.8413614879047,18.4206807439524
51,10000,0.0810000000000031,52,0.00300000000000011,52,36.8413614879047,18.4206807439524
51,10000,0.0810000000000031,52,0.00300000000000011,52,36.8413614879047,18.4206807439524
51,10000,0.0820000000000078,52,0.00200000000000955,52,36.8413614879047,18.4206807439524
52,10000,0.0789999999999935,53,0.00300000000000011,53,36.8413614879047,18.4206807439524
52,10000,0.0790000000000077,53,0.00199999999999534,53,36.8413614879047,18.4206807439524
52,10000,0.0799999999999983,53,0.00200000000000955,53,36.8413614879047,18.4206807439524
52,10000,0.0790000000000077,53,0.00300000000000011,53,36.8413614879047,18.4206807439524
52,10000,0.0799999999999983,53,0.00199999999999534,53,36.8413614879047,18.4206807439524
52,10000,0.0790000000000077,53,0.00200000000000955,53,36.8413614879047,18.4206807439524
52,10000,0.0779999999999887,53,0.00200000000000955,53,36.8413614879047,18.4206807439524
52,10000,0.078000000000003,53,0.00199999999999534,54,36.8413614879047,18.4206807439524
52,10000,0.0789999999999935,53,0.00199999999999534,53,36.8413614879047,18.4206807439524
52,10000,0.0799999999999983,53,0.00200000000000955,53,36.8413614879047,18.4206807439524
53,10000,0.0790000000000077,54,0.00300000000000011,54,36.8413614879047,18.4206807439524
53,10000,0.0799999999999983,54,0.00300000000000011,54,36.8413614879047,18.4206807439524
53,10000,0.0800000000000125,54,0.00300000000000011,54,36.8413614879047,18.4206807439524
53,10000,0.078000000000003,54,0.00199999999999534,54,36.8413614879047,18.4206807439524
53,10000,0.0769999999999982,54,0.00200000000000955,54,36.8413614879047,18.4206807439524
53,10000,0.0760000000000076,54,0.00199999999999534,54,36.8413614879047,18.4206807439524
53,10000,0.0759999999999934,54,0.00300000000000011,54,36.8413614879047,18.4206807439524
53,10000,0.0759999999999934,54,0.00300000000000011,54,36.8413614879047,18.4206807439524
53,10000,0.0790000000000077,54,0.00200000000000955,54,36.8413614879047,18.4206807439524
53,10000,0.0769999999999982,54,0.00199999999999534,54,36.8413614879047,18.4206807439524
54,10000,0.0759999999999934,55,0.00200000000000955,55,36.8413614879047,18.4206807439524
54,10000,0.0760000000000076,55,0.00199999999999534,55,36.8413614879047,18.4206807439524
54,10000,0.0760000000000076,55,0.00300000000000011,55,36.8413614879047,18.4206807439524
54,10000,0.078000000000003,55,0.00300000000000011,55,36.8413614879047,18.4206807439524
54,10000,0.0769999999999982,55,0.00399999999999068,55,36.8413614879047,18.4206807439524
54,10000,0.0769999999999982,55,0.00300000000000011,55,36.8413614879047,18.4206807439524
54,10000,0.0759999999999934,55,0.00199999999999534,55,36.8413614879047,18.4206807439524
54,10000,0.0750000000000028,55,0.00300000000000011,55,36.8413614879047,18.4206807439524
54,10000,0.0760000000000076,55,0.00300000000000011,55,36.8413614879047,18.4206807439524
54,10000,0.0770000000000124,55,0.00199999999999534,55,36.8413614879047,18.4206807439524
55,10000,0.0759999999999934,56,0.00300000000000011,56,36.8413614879047,18.4206807439524
55,10000,0.0750000000000028,56,0.00200000000000955,56,36.8413614879047,18.4206807439524
55,10000,0.0750000000000028,56,0.00300000000000011,56,36.8413614879047,18.4206807439524
55,10000,0.0769999999999982,56,0.00300000000000011,56,36.8413614879047,18.4206807439524
55,10000,0.0769999999999982,56,0.00199999999999534,56,36.8413614879047,18.4206807439524
55,10000,0.0779999999999887,56,0.00300000000000011,56,36.8413614879047,18.4206807439524
55,10000,0.0769999999999982,56,0.00199999999999534,56,36.8413614879047,18.4206807439524
55,10000,0.0769999999999982,56,0.00199999999999534,56,36.8413614879047,18.4206807439524
55,10000,0.0750000000000028,56,0.00199999999999534,56,36.8413614879047,18.4206807439524
55,10000,0.0750000000000028,56,0.00300000000000011,56,36.8413614879047,18.4206807439524
56,10000,0.0729999999999933,57,0.00200000000000955,57,36.8413614879047,18.4206807439524
56,10000,0.0730000000000075,57,0.00199999999999534,57,36.8413614879047,18.4206807439524
56,10000,0.0760000000000076,57,0.00199999999999534,57,36.8413614879047,18.4206807439524
56,10000,0.0750000000000028,57,0.00200000000000955,57,36.8413614879047,18.4206807439524
56,10000,0.0739999999999981,57,0.00300000000000011,57,36.8413614879047,18.4206807439524
56,10000,0.0739999999999981,57,0.00200000000000955,57,36.8413614879047,18.4206807439524
56,10000,0.0739999999999981,57,0.00300000000000011,57,36.8413614879047,18.4206807439524
56,10000,0.0739999999999981,57,0.00199999999999534,57,36.8413614879047,18.4206807439524
56,10000,0.0759999999999934,57,0.00199999999999534,57,36.8413614879047,18.4206807439524
56,10000,0.0750000000000028,57,0.00199999999999534,57,36.8413614879047,18.4206807439524
57,10000,0.0739999999999981,58,0.00199999999999534,58,36.8413614879047,18.4206807439524
57,10000,0.0750000000000028,58,0.00199999999999534,58,36.8413614879047,18.4206807439524
57,10000,0.0750000000000028,58,0.00300000000000011,58,36.8413614879047,18.4206807439524
57,10000,0.0750000000000028,58,0.00199999999999534,58,36.8413614879047,18.4206807439524
57,10000,0.0750000000000028,58,0.00300000000000011,58,36.8413614879047,18.4206807439524
57,10000,0.0750000000000028,58,0.00199999999999534,58,36.8413614879047,18.4206807439524
57,10000,0.0729999999999933,58,0.00199999999999534,58,36.8413614879047,18.4206807439524
57,10000,0.0730000000000075,58,0.00199999999999534,58,36.8413614879047,18.4206807439524
57,10000,0.0729999999999933,58,0.00300000000000011,58,36.8413614879047,18.4206807439524
57,10000,0.0729999999999933,58,0.00200000000000955,58,36.8413614879047,18.4206807439524
58,10000,0.0729999999999933,59,0.00300000000000011,59,36.8413614879047,18.4206807439524
58,10000,0.0730000000000075,59,0.00300000000000011,59,36.8413614879047,18.4206807439524
58,10000,0.0740000000000123,59,0.00300000000000011,59,36.8413614879047,18.4206807439524
58,10000,0.0729999999999933,59,0.00200000000000955,59,36.8413614879047,18.4206807439524
58,10000,0.0750000000000028,59,0.00199999999999534,59,36.8413614879047,18.4206807439524
58,10000,0.0750000000000028,59,0.00200000000000955,60,36.8413614879047,18.4206807439524
58,10000,0.0739999999999981,59,0.00200000000000955,59,36.8413614879047,18.4206807439524
58,10000,0.0739999999999981,59,0.00199999999999534,59,36.8413614879047,18.4206807439524
58,10000,0.0739999999999981,59,0.00199999999999534,59,36.8413614879047,18.4206807439524
58,10000,0.0749999999999886,59,0.00200000000000955,60,36.8413614879047,18.4206807439524
59,10000,0.0730000000000075,60,0.00199999999999534,60,36.8413614879047,18.4206807439524
59,10000,0.0729999999999933,60,0.00199999999999534,60,36.8413614879047,18.4206807439524
59,10000,0.0739999999999981,60,0.00200000000000955,60,36.8413614879047,18.4206807439524
59,10000,0.0730000000000075,60,0.00200000000000955,60,36.8413614879047,18.4206807439524
59,10000,0.0730000000000075,60,0.00200000000000955,60,36.8413614879047,18.4206807439524
59,10000,0.0730000000000075,60,0.00300000000000011,60,36.8413614879047,18.4206807439524
59,10000,0.0730000000000075,60,0.00199999999999534,60,36.8413614879047,18.4206807439524
59,10000,0.0729999999999933,60,0.00200000000000955,60,36.8413614879047,18.4206807439524
59,10000,0.0730000000000075,60,0.00300000000000011,60,36.8413614879047,18.4206807439524
59,10000,0.0739999999999981,60,0.00199999999999534,60,36.8413614879047,18.4206807439524
60,10000,0.070999999999998,61,0.00200000000000955,61,36.8413614879047,18.4206807439524
60,10000,0.070999999999998,61,0.00199999999999534,61,36.8413614879047,18.4206807439524
60,10000,0.0720000000000027,61,0.00199999999999534,61,36.8413614879047,18.4206807439524
60,10000,0.0720000000000027,61,0.00200000000000955,61,36.8413614879047,18.4206807439524
60,10000,0.0720000000000027,61,0.00300000000000011,61,36.8413614879047,18.4206807439524
60,10000,0.0720000000000027,61,0.00200000000000955,61,36.8413614879047,18.4206807439524
60,10000,0.070999999999998,61,0.00199999999999534,61,36.8413614879047,18.4206807439524
60,10000,0.070999999999998,61,0.00300000000000011,61,36.8413614879047,18.4206807439524
60,10000,0.0699999999999932,61,0.00300000000000011,61,36.8413614879047,18.4206807439524
60,10000,0.0719999999999885,61,0.00300000000000011,61,36.8413614879047,18.4206807439524
61,10000,0.070999999999998,62,0.00199999999999534,62,36.8413614879047,18.4206807439524
61,10000,0.070999999999998,62,0.00200000000000955,62,36.8413614879047,18.4206807439524
61,10000,0.070999999999998,62,0.00199999999999534,62,36.8413614879047,18.4206807439524
61,10000,0.0710000000000122,62,0.00199999999999534,62,36.8413614879047,18.4206807439524
61,10000,0.0710000000000122,62,0.00300000000000011,62,36.8413614879047,18.4206807439524
61,10000,0.0719999999999885,62,0.00200000000000955,62,36.8413614879047,18.4206807439524
61,10000,0.070999999999998,62,0.00200000000000955,62,36.8413614879047,18.4206807439524
61,10000,0.070999999999998,62,0.00199999999999534,62,36.8413614879047,18.4206807439524
61,10000,0.070999999999998,62,0.00300000000000011,62,36.8413614879047,18.4206807439524
61,10000,0.0720000000000027,62,0.00199999999999534,62,36.8413614879047,18.4206807439524
62,10000,0.0699999999999932,63,0.00200000000000955,63,36.8413614879047,18.4206807439524
62,10000,0.0690000000000026,63,0.00300000000000011,63,36.8413614879047,18.4206807439524
62,10000,0.0700000000000074,63,0.00300000000000011,63,36.8413614879047,18.4206807439524
62,10000,0.0690000000000026,63,0.00200000000000955,63,36.8413614879047,18.4206807439524
62,10000,0.070999999999998,63,0.00199999999999534,63,36.8413614879047,18.4206807439524
62,10000,0.0700000000000074,63,0.00199999999999534,63,36.8413614879047,18.4206807439524
62,10000,0.0699999999999932,63,0.00199999999999534,63,36.8413614879047,18.4206807439524
62,10000,0.070999999999998,63,0.00200000000000955,63,36.8413614879047,18.4206807439524
62,10000,0.0710000000000122,63,0.00200000000000955,63,36.8413614879047,18.4206807439524
62,10000,0.0699999999999932,63,0.00199999999999534,63,36.8413614879047,18.4206807439524
63,10000,0.0690000000000026,64,0.00199999999999534,64,36.8413614879047,18.4206807439524
63,10000,0.0690000000000026,64,0.00199999999999534,64,36.8413614879047,18.4206807439524
63,10000,0.0689999999999884,64,0.00199999999999534,64,36.8413614879047,18.4206807439524
63,10000,0.0690000000000026,64,0.00199999999999534,64,36.8413614879047,18.4206807439524
63,10000,0.0689999999999884,64,0.00199999999999534,65,36.8413614879047,18.4206807439524
63,10000,0.0690000000000026,64,0.00199999999999534,64,36.8413614879047,18.4206807439524
63,10000,0.0690000000000026,64,0.00199999999999534,64,36.8413614879047,18.4206807439524
63,10000,0.0700000000000074,64,0.00199999999999534,64,36.8413614879047,18.4206807439524
63,10000,0.0690000000000026,64,0.00200000000000955,64,36.8413614879047,18.4206807439524
63,10000,0.0690000000000026,64,0.00199999999999534,64,36.8413614879047,18.4206807439524
64,10000,0.0690000000000026,65,0.00300000000000011,65,36.8413614879047,18.4206807439524
64,10000,0.0689999999999884,65,0.00300000000000011,65,36.8413614879047,18.4206807439524
64,10000,0.0679999999999978,65,0.00199999999999534,65,36.8413614879047,18.4206807439524
64,10000,0.0679999999999978,65,0.00199999999999534,65,36.8413614879047,18.4206807439524
64,10000,0.0679999999999978,65,0.00200000000000955,66,36.8413614879047,18.4206807439524
64,10000,0.0689999999999884,65,0.00200000000000955,65,36.8413614879047,18.4206807439524
64,10000,0.0690000000000026,65,0.00200000000000955,65,36.8413614879047,18.4206807439524
64,10000,0.0690000000000026,65,0.00300000000000011,65,36.8413614879047,18.4206807439524
64,10000,0.0689999999999884,65,0.00199999999999534,65,36.8413614879047,18.4206807439524
64,10000,0.0679999999999978,65,0.00300000000000011,65,36.8413614879047,18.4206807439524
65,10000,0.0679999999999978,66,0.00199999999999534,66,36.8413614879047,18.4206807439524
65,10000,0.0670000000000073,66,0.00199999999999534,66,36.8413614879047,18.4206807439524
65,10000,0.0679999999999978,66,0.00199999999999534,66,36.8413614879047,18.4206807439524
65,10000,0.0679999999999978,66,0.00200000000000955,66,36.8413614879047,18.4206807439524
65,10000,0.0679999999999978,66,0.00199999999999534,66,36.8413614879047,18.4206807439524
65,10000,0.0670000000000073,66,0.00200000000000955,66,36.8413614879047,18.4206807439524
65,10000,0.0679999999999978,66,0.00200000000000955,66,36.8413614879047,18.4206807439524
65,10000,0.0670000000000073,66,0.00199999999999534,66,36.8413614879047,18.4206807439524
65,10000,0.0670000000000073,66,0.00199999999999534,66,36.8413614879047,18.4206807439524
65,10000,0.0669999999999931,66,0.00300000000000011,66,36.8413614879047,18.4206807439524
66,10000,0.0670000000000073,67,0.00200000000000955,67,36.8413614879047,18.4206807439524
66,10000,0.0660000000000025,67,0.00199999999999534,67,36.8413614879047,18.4206807439524
66,10000,0.0670000000000073,67,0.00199999999999534,67,36.8413614879047,18.4206807439524
66,10000,0.0669999999999931,67,0.000999999999990564,67,36.8413614879047,18.4206807439524
66,10000,0.0670000000000073,67,0.00199999999999534,67,36.8413614879047,18.4206807439524
66,10000,0.0670000000000073,67,0.00199999999999534,67,36.8413614879047,18.4206807439524
66,10000,0.0669999999999931,67,0.00199999999999534,67,36.8413614879047,18.4206807439524
66,10000,0.0670000000000073,67,0.00200000000000955,67,36.8413614879047,18.4206807439524
66,10000,0.0669999999999931,67,0.00199999999999534,67,36.8413614879047,18.4206807439524
66,10000,0.0669999999999931,67,0.00199999999999534,67,36.8413614879047,18.4206807439524
67,10000,0.0670000000000073,68,0.00199999999999534,68,36.8413614879047,18.4206807439524
67,10000,0.0660000000000025,68,0.00200000000000955,68,36.8413614879047,18.4206807439524
67,10000,0.070999999999998,68,0.00199999999999534,68,36.8413614879047,18.4206807439524
67,10000,0.0660000000000025,68,0.00200000000000955,68,36.8413614879047,18.4206807439524
67,10000,0.0659999999999883,68,0.00199999999999534,68,36.8413614879047,18.4206807439524
67,10000,0.0669999999999931,68,0.00200000000000955,68,36.8413614879047,18.4206807439524
67,10000,0.0669999999999931,68,0.00199999999999534,68,36.8413614879047,18.4206807439524
67,10000,0.0670000000000073,68,0.00199999999999534,68,36.8413614879047,18.4206807439524
67,10000,0.0660000000000025,68,0.00199999999999534,68,36.8413614879047,18.4206807439524
67,10000,0.0669999999999931,68,0.00300000000000011,68,36.8413614879047,18.4206807439524
68,10000,0.0670000000000073,69,0.00199999999999534,69,36.8413614879047,18.4206807439524
68,10000,0.0659999999999883,69,0.00300000000000011,69,36.8413614879047,18.4206807439524
68,10000,0.0660000000000025,69,0.00200000000000955,69,36.8413614879047,18.4206807439524
68,10000,0.0670000000000073,69,0.00199999999999534,69,36.8413614879047,18.4206807439524
68,10000,0.0660000000000025,69,0.00200000000000955,69,36.8413614879047,18.4206807439524
68,10000,0.0649999999999977,69,0.00199999999999534,69,36.8413614879047,18.4206807439524
68,10000,0.0660000000000025,69,0.00199999999999534,69,36.8413614879047,18.4206807439524
68,10000,0.0659999999999883,69,0.00199999999999534,69,36.8413614879047,18.4206807439524
68,10000,0.0660000000000025,69,0.00199999999999534,69,36.8413614879047,18.4206807439524
68,10000,0.0660000000000025,69,0.00300000000000011,69,36.8413614879047,18.4206807439524
69,10000,0.0649999999999977,70,0.00200000000000955,70,36.8413614879047,18.4206807439524
69,10000,0.0649999999999977,70,0.00199999999999534,71,36.8413614879047,18.4206807439524
69,10000,0.0649999999999977,70,0.00200000000000955,70,36.8413614879047,18.4206807439524
69,10000,0.0649999999999977,70,0.00199999999999534,70,36.8413614879047,18.4206807439524
69,10000,0.0649999999999977,70,0.00200000000000955,70,36.8413614879047,18.4206807439524
69,10000,0.0649999999999977,70,0.000999999999990564,70,36.8413614879047,18.4206807439524
69,10000,0.0649999999999977,70,0.00200000000000955,70,36.8413614879047,18.4206807439524
69,10000,0.0649999999999977,70,0.00199999999999534,70,36.8413614879047,18.4206807439524
69,10000,0.0649999999999977,70,0.00199999999999534,70,36.8413614879047,18.4206807439524
69,10000,0.0660000000000025,70,0.00199999999999534,70,36.8413614879047,18.4206807439524
70,10000,0.0660000000000025,71,0.00199999999999534,71,36.8413614879047,18.4206807439524
70,10000,0.0649999999999977,71,0.00199999999999534,71,36.8413614879047,18.4206807439524
70,10000,0.0649999999999977,71,0.00199999999999534,71,36.8413614879047,18.4206807439524
70,10000,0.063999999999993,71,0.00199999999999534,71,36.8413614879047,18.4206807439524
70,10000,0.0660000000000025,71,0.00200000000000955,72,36.8413614879047,18.4206807439524
70,10000,0.0640000000000072,71,0.00199999999999534,71,36.8413614879047,18.4206807439524
70,10000,0.0649999999999977,71,0.00199999999999534,71,36.8413614879047,18.4206807439524
70,10000,0.063999999999993,71,0.00199999999999534,71,36.8413614879047,18.4206807439524
70,10000,0.0649999999999977,71,0.00199999999999534,71,36.8413614879047,18.4206807439524
70,10000,0.0649999999999977,71,0.00199999999999534,71,36.8413614879047,18.4206807439524
71,10000,0.0640000000000072,72,0.00199999999999534,72,36.8413614879047,18.4206807439524
71,10000,0.0640000000000072,72,0.00199999999999534,72,36.8413614879047,18.4206807439524
71,10000,0.063999999999993,72,0.00199999999999534,72,36.8413614879047,18.4206807439524
71,10000,0.063999999999993,72,0.00100000000000477,72,36.8413614879047,18.4206807439524
71,10000,0.063999999999993,72,0.00199999999999534,72,36.8413614879047,18.4206807439524
71,10000,0.0640000000000072,72,0.00199999999999534,72,36.8413614879047,18.4206807439524
71,10000,0.0640000000000072,72,0.00199999999999534,72,36.8413614879047,18.4206807439524
71,10000,0.063999999999993,72,0.00199999999999534,72,36.8413614879047,18.4206807439524
71,10000,0.0649999999999977,72,0.00200000000000955,72,36.8413614879047,18.4206807439524
71,10000,0.063999999999993,72,0.00300000000000011,72,36.8413614879047,18.4206807439524
72,10000,0.0630000000000024,73,0.00200000000000955,73,36.8413614879047,18.4206807439524
72,10000,0.0630000000000024,73,0.00199999999999534,73,36.8413614879047,18.4206807439524
72,10000,0.0629999999999882,73,0.00199999999999534,73,36.8413614879047,18.4206807439524
72,10000,0.063999999999993,73,0.00200000000000955,73,36.8413614879047,18.4206807439524
72,10000,0.0630000000000024,73,0.00200000000000955,73,36.8413614879047,18.4206807439524
72,10000,0.0640000000000072,73,0.00199999999999534,73,36.8413614879047,18.4206807439524
72,10000,0.0640000000000072,73,0.00199999999999534,73,36.8413614879047,18.4206807439524
72,10000,0.0630000000000024,73,0.00199999999999534,73,36.8413614879047,18.4206807439524
72,10000,0.063999999999993,73,0.00199999999999534,73,36.8413614879047,18.4206807439524
72,10000,0.0620000000000118,73,0.00199999999999534,73,36.8413614879047,18.4206807439524
73,10000,0.0620000000000118,74,0.00199999999999534,74,36.8413614879047,18.4206807439524
73,10000,0.0630000000000024,74,0.00199999999999534,75,36.8413614879047,18.4206807439524
73,10000,0.0619999999999976,74,0.00300000000000011,74,36.8413614879047,18.4206807439524
73,10000,0.0630000000000024,74,0.00199999999999534,74,36.8413614879047,18.4206807439524
73,10000,0.0640000000000072,74,0.00199999999999534,74,36.8413614879047,18.4206807439524
73,10000,0.0619999999999976,74,0.00200000000000955,74,36.8413614879047,18.4206807439524
73,10000,0.0640000000000072,74,0.00199999999999534,74,36.8413614879047,18.4206807439524
73,10000,0.0619999999999976,74,0.00100000000000477,74,36.8413614879047,18.4206807439524
73,10000,0.0630000000000024,74,0.00200000000000955,74,36.8413614879047,18.4206807439524
73,10000,0.0619999999999976,74,0.00200000000000955,74,36.8413614879047,18.4206807439524
74,10000,0.0620000000000118,75,0.00199999999999534,76,36.8413614879047,18.4206807439524
74,10000,0.0619999999999976,75,0.00199999999999534,75,36.8413614879047,18.4206807439524
74,10000,0.0629999999999882,75,0.00199999999999534,76,36.8413614879047,18.4206807439524
74,10000,0.0630000000000024,75,0.00199999999999534,75,36.8413614879047,18.4206807439524
74,10000,0.0630000000000024,75,0.00200000000000955,75,36.8413614879047,18.4206807439524
74,10000,0.0619999999999976,75,0.00199999999999534,75,36.8413614879047,18.4206807439524
74,10000,0.061000000000007,75,0.00200000000000955,75,36.8413614879047,18.4206807439524
74,10000,0.0619999999999976,75,0.00200000000000955,75,36.8413614879047,18.4206807439524
74,10000,0.0609999999999928,75,0.00199999999999534,75,36.8413614879047,18.4206807439524
74,10000,0.0619999999999976,75,0.00199999999999534,76,36.8413614879047,18.4206807439524
75,10000,0.061000000000007,76,0.00199999999999534,76,36.8413614879047,18.4206807439524
75,10000,0.0619999999999976,76,0.00199999999999534,76,36.8413614879047,18.4206807439524
75,10000,0.0619999999999976,76,0.00200000000000955,76,36.8413614879047,18.4206807439524
75,10000,0.0619999999999976,76,0.00199999999999534,76,36.8413614879047,18.4206807439524
75,10000,0.0609999999999928,76,0.00199999999999534,76,36.8413614879047,18.4206807439524
75,10000,0.0609999999999928,76,0.00199999999999534,76,36.8413614879047,18.4206807439524
75,10000,0.0620000000000118,76,0.00199999999999534,76,36.8413614879047,18.4206807439524
75,10000,0.0619999999999976,76,0.00199999999999534,76,36.8413614879047,18.4206807439524
75,10000,0.0630000000000024,76,0.00199999999999534,76,36.8413614879047,18.4206807439524
75,10000,0.0609999999999928,76,0.00100000000000477,77,36.8413614879047,18.4206807439524
76,10000,0.0630000000000024,77,0.00400000000000489,77,36.8413614879047,18.4206807439524
76,10000,0.0630000000000024,77,0.00199999999999534,77,36.8413614879047,18.4206807439524
76,10000,0.0609999999999928,77,0.00199999999999534,77,36.8413614879047,18.4206807439524
76,10000,0.0629999999999882,77,0.00200000000000955,77,36.8413614879047,18.4206807439524
76,10000,0.0629999999999882,77,0.00199999999999534,77,36.8413614879047,18.4206807439524
76,10000,0.0630000000000024,77,0.00199999999999534,77,36.8413614879047,18.4206807439524
76,10000,0.061000000000007,77,0.00200000000000955,77,36.8413614879047,18.4206807439524
76,10000,0.0650000000000119,77,0.00200000000000955,77,36.8413614879047,18.4206807439524
76,10000,0.063999999999993,77,0.00199999999999534,77,36.8413614879047,18.4206807439524
76,10000,0.0629999999999882,77,0.00199999999999534,77,36.8413614879047,18.4206807439524
77,10000,0.0649999999999977,78,0.00100000000000477,78,36.8413614879047,18.4206807439524
77,10000,0.0630000000000024,78,0.00199999999999534,78,36.8413614879047,18.4206807439524
77,10000,0.0630000000000024,78,0.00199999999999534,78,36.8413614879047,18.4206807439524
77,10000,0.0630000000000024,78,0.00300000000000011,78,36.8413614879047,18.4206807439524
77,10000,0.0630000000000024,78,0.00199999999999534,78,36.8413614879047,18.4206807439524
77,10000,0.0609999999999928,78,0.00199999999999534,78,36.8413614879047,18.4206807439524
77,10000,0.0619999999999976,78,0.00200000000000955,78,36.8413614879047,18.4206807439524
77,10000,0.0619999999999976,78,0.00199999999999534,78,36.8413614879047,18.4206807439524
77,10000,0.0619999999999976,78,0.00199999999999534,78,36.8413614879047,18.4206807439524
77,10000,0.0630000000000024,78,0.00100000000000477,78,36.8413614879047,18.4206807439524
78,10000,0.0619999999999976,79,0.00200000000000955,79,36.8413614879047,18.4206807439524
78,10000,0.0600000000000023,79,0.00199999999999534,80,36.8413614879047,18.4206807439524
78,10000,0.0609999999999928,79,0.00199999999999534,79,36.8413614879047,18.4206807439524
78,10000,0.0600000000000023,79,0.000999999999990564,79,36.8413614879047,18.4206807439524
78,10000,0.0609999999999928,79,0.00100000000000477,79,36.8413614879047,18.4206807439524
78,10000,0.061000000000007,79,0.00100000000000477,79,36.8413614879047,18.4206807439524
78,10000,0.061000000000007,79,0.00199999999999534,79,36.8413614879047,18.4206807439524
78,10000,0.0619999999999976,79,0.00199999999999534,79,36.8413614879047,18.4206807439524
78,10000,0.063999999999993,79,0.00199999999999534,79,36.8413614879047,18.4206807439524
78,10000,0.0620000000000118,79,0.00100000000000477,79,36.8413614879047,18.4206807439524
79,10000,0.0629999999999882,80,0.00199999999999534,80,36.8413614879047,18.4206807439524
79,10000,0.0619999999999976,80,0.00200000000000955,80,36.8413614879047,18.4206807439524
79,10000,0.0609999999999928,80,0.00199999999999534,80,36.8413614879047,18.4206807439524
79,10000,0.061000000000007,80,0.00199999999999534,80,36.8413614879047,18.4206807439524
79,10000,0.0600000000000023,80,0.00199999999999534,80,36.8413614879047,18.4206807439524
79,10000,0.0589999999999975,80,0.00199999999999534,80,36.8413614879047,18.4206807439524
79,10000,0.0579999999999927,80,0.00200000000000955,80,36.8413614879047,18.4206807439524
79,10000,0.0600000000000023,80,0.00199999999999534,80,36.8413614879047,18.4206807439524
79,10000,0.061000000000007,80,0.00199999999999534,80,36.8413614879047,18.4206807439524
79,10000,0.0600000000000023,80,0.00199999999999534,80,36.8413614879047,18.4206807439524
80,10000,0.0609999999999928,81,0.00199999999999534,81,36.8413614879047,18.4206807439524
80,10000,0.0599999999999881,81,0.00200000000000955,82,36.8413614879047,18.4206807439524
80,10000,0.0590000000000117,81,0.00199999999999534,81,36.8413614879047,18.4206807439524
80,10000,0.0580000000000069,81,0.00199999999999534,81,36.8413614879047,18.4206807439524
80,10000,0.0579999999999927,81,0.00200000000000955,81,36.8413614879047,18.4206807439524
80,10000,0.0589999999999975,81,0.00199999999999534,81,36.8413614879047,18.4206807439524
80,10000,0.0600000000000023,81,0.00199999999999534,81,36.8413614879047,18.4206807439524
80,10000,0.0600000000000023,81,0.00100000000000477,81,36.8413614879047,18.4206807439524
80,10000,0.0600000000000023,81,0.00200000000000955,81,36.8413614879047,18.4206807439524
80,10000,0.0660000000000025,81,0.00199999999999534,81,36.8413614879047,18.4206807439524
81,10000,0.0649999999999977,82,0.00199999999999534,82,36.8413614879047,18.4206807439524
81,10000,0.061000000000007,82,0.00199999999999534,82,36.8413614879047,18.4206807439524
81,10000,0.061000000000007,82,0.00199999999999534,82,36.8413614879047,18.4206807439524
81,10000,0.0589999999999975,82,0.00199999999999534,82,36.8413614879047,18.4206807439524
81,10000,0.0600000000000023,82,0.00199999999999534,82,36.8413614879047,18.4206807439524
81,10000,0.0600000000000023,82,0.00200000000000955,82,36.8413614879047,18.4206807439524
81,10000,0.0600000000000023,82,0.00200000000000955,82,36.8413614879047,18.4206807439524
81,10000,0.0600000000000023,82,0.00199999999999534,82,36.8413614879047,18.4206807439524
81,10000,0.0600000000000023,82,0.00199999999999534,82,36.8413614879047,18.4206807439524
81,10000,0.0589999999999975,82,0.00199999999999534,82,36.8413614879047,18.4206807439524
82,10000,0.0589999999999975,83,0.00199999999999534,83,36.8413614879047,18.4206807439524
82,10000,0.0580000000000069,83,0.00100000000000477,84,36.8413614879047,18.4206807439524
82,10000,0.0590000000000117,83,0.00100000000000477,83,36.8413614879047,18.4206807439524
82,10000,0.0589999999999975,83,0.00100000000000477,83,36.8413614879047,18.4206807439524
82,10000,0.0600000000000023,83,0.00199999999999534,83,36.8413614879047,18.4206807439524
82,10000,0.0600000000000023,83,0.00199999999999534,83,36.8413614879047,18.4206807439524
82,10000,0.061000000000007,83,0.00200000000000955,83,36.8413614879047,18.4206807439524
82,10000,0.0600000000000023,83,0.00199999999999534,83,36.8413614879047,18.4206807439524
82,10000,0.0600000000000023,83,0.00199999999999534,83,36.8413614879047,18.4206807439524
82,10000,0.0599999999999881,83,0.00100000000000477,83,36.8413614879047,18.4206807439524
83,10000,0.0600000000000023,84,0.00199999999999534,84,36.8413614879047,18.4206807439524
83,10000,0.0600000000000023,84,0.00199999999999534,84,36.8413614879047,18.4206807439524
83,10000,0.0600000000000023,84,0.00199999999999534,84,36.8413614879047,18.4206807439524
83,10000,0.0589999999999975,84,0.00199999999999534,85,36.8413614879047,18.4206807439524
83,10000,0.0600000000000023,84,0.00199999999999534,85,36.8413614879047,18.4206807439524
83,10000,0.0600000000000023,84,0.00200000000000955,84,36.8413614879047,18.4206807439524
83,10000,0.061000000000007,84,0.00199999999999534,84,36.8413614879047,18.4206807439524
83,10000,0.0600000000000023,84,0.00200000000000955,84,36.8413614879047,18.4206807439524
83,10000,0.0589999999999975,84,0.00199999999999534,84,36.8413614879047,18.4206807439524
83,10000,0.0579999999999927,84,0.00199999999999534,84,36.8413614879047,18.4206807439524
84,10000,0.0570000000000022,85,0.00199999999999534,85,36.8413614879047,18.4206807439524
84,10000,0.0579999999999927,85,0.000999999999990564,85,36.8413614879047,18.4206807439524
84,10000,0.0619999999999976,85,0.00200000000000955,85,36.8413614879047,18.4206807439524
84,10000,0.0589999999999975,85,0.00199999999999534,85,36.8413614879047,18.4206807439524
84,10000,0.0579999999999927,85,0.00199999999999534,85,36.8413614879047,18.4206807439524
84,10000,0.0589999999999975,85,0.00100000000000477,85,36.8413614879047,18.4206807439524
84,10000,0.0589999999999975,85,0.00199999999999534,85,36.8413614879047,18.4206807439524
84,10000,0.0589999999999975,85,0.00200000000000955,85,36.8413614879047,18.4206807439524
84,10000,0.0589999999999975,85,0.00199999999999534,85,36.8413614879047,18.4206807439524
84,10000,0.0580000000000069,85,0.00200000000000955,85,36.8413614879047,18.4206807439524
85,10000,0.0580000000000069,86,0.00200000000000955,86,36.8413614879047,18.4206807439524
85,10000,0.0579999999999927,86,0.00100000000000477,86,36.8413614879047,18.4206807439524
85,10000,0.0589999999999975,86,0.00199999999999534,86,36.8413614879047,18.4206807439524
85,10000,0.0589999999999975,86,0.00199999999999534,86,36.8413614879047,18.4206807439524
85,10000,0.0580000000000069,86,0.00199999999999534,86,36.8413614879047,18.4206807439524
85,10000,0.0579999999999927,86,0.00199999999999534,86,36.8413614879047,18.4206807439524
85,10000,0.0570000000000022,86,0.00199999999999534,86,36.8413614879047,18.4206807439524
85,10000,0.0580000000000069,86,0.00199999999999534,86,36.8413614879047,18.4206807439524
85,10000,0.0579999999999927,86,0.00200000000000955,86,36.8413614879047,18.4206807439524
85,10000,0.0589999999999975,86,0.00200000000000955,86,36.8413614879047,18.4206807439524
86,10000,0.0589999999999975,87,0.00200000000000955,87,36.8413614879047,18.4206807439524
86,10000,0.0579999999999927,87,0.00199999999999534,87,36.8413614879047,18.4206807439524
86,10000,0.0570000000000022,87,0.00200000000000955,87,36.8413614879047,18.4206807439524
86,10000,0.0579999999999927,87,0.00199999999999534,87,36.8413614879047,18.4206807439524
86,10000,0.0570000000000022,87,0.00199999999999534,87,36.8413614879047,18.4206807439524
86,10000,0.056999999999988,87,0.00200000000000955,87,36.8413614879047,18.4206807439524
86,10000,0.0579999999999927,87,0.00100000000000477,87,36.8413614879047,18.4206807439524
86,10000,0.0570000000000022,87,0.00100000000000477,87,36.8413614879047,18.4206807439524
86,10000,0.0570000000000022,87,0.00100000000000477,87,36.8413614879047,18.4206807439524
86,10000,0.0579999999999927,87,0.00100000000000477,87,36.8413614879047,18.4206807439524
87,10000,0.0579999999999927,88,0.00199999999999534,88,36.8413614879047,18.4206807439524
87,10000,0.0580000000000069,88,0.000999999999990564,88,36.8413614879047,18.4206807439524
87,10000,0.0570000000000022,88,0.00100000000000477,88,36.8413614879047,18.4206807439524
87,10000,0.0570000000000022,88,0.00100000000000477,88,36.8413614879047,18.4206807439524
87,10000,0.0559999999999974,88,0.00199999999999534,88,36.8413614879047,18.4206807439524
87,10000,0.0570000000000022,88,0.00199999999999534,88,36.8413614879047,18.4206807439524
87,10000,0.0590000000000117,88,0.00199999999999534,88,36.8413614879047,18.4206807439524
87,10000,0.0579999999999927,88,0.00200000000000955,88,36.8413614879047,18.4206807439524
87,10000,0.056999999999988,88,0.00199999999999534,88,36.8413614879047,18.4206807439524
87,10000,0.0570000000000022,88,0.00199999999999534,88,36.8413614879047,18.4206807439524
88,10000,0.0570000000000022,89,0.00199999999999534,89,36.8413614879047,18.4206807439524
88,10000,0.0570000000000022,89,0.00199999999999534,89,36.8413614879047,18.4206807439524
88,10000,0.0579999999999927,89,0.00100000000000477,89,36.8413614879047,18.4206807439524
88,10000,0.0559999999999974,89,0.00199999999999534,89,36.8413614879047,18.4206807439524
88,10000,0.0570000000000022,89,0.00199999999999534,89,36.8413614879047,18.4206807439524
88,10000,0.0560000000000116,89,0.00200000000000955,89,36.8413614879047,18.4206807439524
88,10000,0.0549999999999926,89,0.00199999999999534,89,36.8413614879047,18.4206807439524
88,10000,0.056999999999988,89,0.00100000000000477,89,36.8413614879047,18.4206807439524
88,10000,0.0559999999999974,89,0.00199999999999534,89,36.8413614879047,18.4206807439524
88,10000,0.0570000000000022,89,0.00300000000000011,89,36.8413614879047,18.4206807439524
89,10000,0.0559999999999974,90,0.00199999999999534,90,36.8413614879047,18.4206807439524
89,10000,0.056999999999988,90,0.00199999999999534,90,36.8413614879047,18.4206807439524
89,10000,0.0560000000000116,90,0.00199999999999534,90,36.8413614879047,18.4206807439524
89,10000,0.0559999999999974,90,0.00199999999999534,90,36.8413614879047,18.4206807439524
89,10000,0.056999999999988,90,0.00199999999999534,90,36.8413614879047,18.4206807439524
89,10000,0.0570000000000022,90,0.00100000000000477,90,36.8413614879047,18.4206807439524
89,10000,0.0570000000000022,90,0.00199999999999534,90,36.8413614879047,18.4206807439524
89,10000,0.0570000000000022,90,0.00199999999999534,90,36.8413614879047,18.4206807439524
89,10000,0.0570000000000022,90,0.00100000000000477,90,36.8413614879047,18.4206807439524
89,10000,0.056999999999988,90,0.00199999999999534,90,36.8413614879047,18.4206807439524
90,10000,0.0580000000000069,91,0.00100000000000477,91,36.8413614879047,18.4206807439524
90,10000,0.0559999999999974,91,0.00200000000000955,91,36.8413614879047,18.4206807439524
90,10000,0.0570000000000022,91,0.00200000000000955,91,36.8413614879047,18.4206807439524
90,10000,0.056999999999988,91,0.00199999999999534,91,36.8413614879047,18.4206807439524
90,10000,0.0559999999999974,91,0.000999999999990564,91,36.8413614879047,18.4206807439524
90,10000,0.0570000000000022,91,0.00199999999999534,91,36.8413614879047,18.4206807439524
90,10000,0.0559999999999974,91,0.00199999999999534,91,36.8413614879047,18.4206807439524
90,10000,0.0559999999999974,91,0.00199999999999534,91,36.8413614879047,18.4206807439524
90,10000,0.0559999999999974,91,0.00200000000000955,91,36.8413614879047,18.4206807439524
90,10000,0.0570000000000022,91,0.00100000000000477,91,36.8413614879047,18.4206807439524
91,10000,0.0549999999999926,92,0.00199999999999534,92,36.8413614879047,18.4206807439524
91,10000,0.0549999999999926,92,0.00200000000000955,92,36.8413614879047,18.4206807439524
91,10000,0.0549999999999926,92,0.00199999999999534,92,36.8413614879047,18.4206807439524
91,10000,0.0559999999999974,92,0.00199999999999534,92,36.8413614879047,18.4206807439524
91,10000,0.0559999999999974,92,0.00199999999999534,92,36.8413614879047,18.4206807439524
91,10000,0.0549999999999926,92,0.000999999999990564,92,36.8413614879047,18.4206807439524
91,10000,0.0559999999999974,92,0.00100000000000477,92,36.8413614879047,18.4206807439524
91,10000,0.0559999999999974,92,0.00199999999999534,92,36.8413614879047,18.4206807439524
91,10000,0.0549999999999926,92,0.00100000000000477,92,36.8413614879047,18.4206807439524
91,10000,0.0549999999999926,92,0.00200000000000955,92,36.8413614879047,18.4206807439524
92,10000,0.0550000000000068,93,0.00199999999999534,93,36.8413614879047,18.4206807439524
92,10000,0.0550000000000068,93,0.00200000000000955,93,36.8413614879047,18.4206807439524
92,10000,0.0550000000000068,93,0.00199999999999534,93,36.8413614879047,18.4206807439524
92,10000,0.0550000000000068,93,0.00199999999999534,93,36.8413614879047,18.4206807439524
92,10000,0.0549999999999926,93,0.000999999999990564,93,36.8413614879047,18.4206807439524
92,10000,0.0560000000000116,93,0.00199999999999534,93,36.8413614879047,18.4206807439524
92,10000,0.0550000000000068,93,0.00200000000000955,93,36.8413614879047,18.4206807439524
92,10000,0.0539999999999878,93,0.00199999999999534,93,36.8413614879047,18.4206807439524
92,10000,0.0550000000000068,93,0.00100000000000477,93,36.8413614879047,18.4206807439524
92,10000,0.0559999999999974,93,0.00199999999999534,93,36.8413614879047,18.4206807439524
93,10000,0.054000000000002,94,0.00200000000000955,94,36.8413614879047,18.4206807439524
93,10000,0.0550000000000068,94,0.00200000000000955,94,36.8413614879047,18.4206807439524
93,10000,0.0559999999999974,94,0.00199999999999534,94,36.8413614879047,18.4206807439524
93,10000,0.0559999999999974,94,0.00199999999999534,94,36.8413614879047,18.4206807439524
93,10000,0.0549999999999926,94,0.00199999999999534,94,36.8413614879047,18.4206807439524
93,10000,0.0570000000000022,94,0.00199999999999534,94,36.8413614879047,18.4206807439524
93,10000,0.054000000000002,94,0.00200000000000955,94,36.8413614879047,18.4206807439524
93,10000,0.0550000000000068,94,0.000999999999990564,94,36.8413614879047,18.4206807439524
93,10000,0.0550000000000068,94,0.00200000000000955,94,36.8413614879047,18.4206807439524
93,10000,0.0550000000000068,94,0.00199999999999534,95,36.8413614879047,18.4206807439524
94,10000,0.0549999999999926,95,0.00199999999999534,95,36.8413614879047,18.4206807439524
94,10000,0.054000000000002,95,0.000999999999990564,95,36.8413614879047,18.4206807439524
94,10000,0.0550000000000068,95,0.00100000000000477,95,36.8413614879047,18.4206807439524
94,10000,0.054000000000002,95,0.00199999999999534,95,36.8413614879047,18.4206807439524
94,10000,0.0550000000000068,95,0.00199999999999534,95,36.8413614879047,18.4206807439524
94,10000,0.054000000000002,95,0.00100000000000477,95,36.8413614879047,18.4206807439524
94,10000,0.054000000000002,95,0.00199999999999534,95,36.8413614879047,18.4206807439524
94,10000,0.0539999999999878,95,0.00200000000000955,95,36.8413614879047,18.4206807439524
94,10000,0.054000000000002,95,0.00199999999999534,95,36.8413614879047,18.4206807439524
94,10000,0.054000000000002,95,0.00200000000000955,95,36.8413614879047,18.4206807439524
95,10000,0.054000000000002,96,0.000999999999990564,96,36.8413614879047,18.4206807439524
95,10000,0.0559999999999974,96,0.00100000000000477,96,36.8413614879047,18.4206807439524
95,10000,0.0549999999999926,96,0.00199999999999534,96,36.8413614879047,18.4206807439524
95,10000,0.054000000000002,96,0.00199999999999534,96,36.8413614879047,18.4206807439524
95,10000,0.054000000000002,96,0.00100000000000477,96,36.8413614879047,18.4206807439524
95,10000,0.054000000000002,96,0.00199999999999534,96,36.8413614879047,18.4206807439524
95,10000,0.0549999999999926,96,0.00199999999999534,96,36.8413614879047,18.4206807439524
95,10000,0.054000000000002,96,0.00199999999999534,96,36.8413614879047,18.4206807439524
95,10000,0.0539999999999878,96,0.00100000000000477,96,36.8413614879047,18.4206807439524
95,10000,0.0539999999999878,96,0.00199999999999534,96,36.8413614879047,18.4206807439524
96,10000,0.0550000000000068,97,0.00100000000000477,97,36.8413614879047,18.4206807439524
96,10000,0.0560000000000116,97,0.00199999999999534,97,36.8413614879047,18.4206807439524
96,10000,0.054000000000002,97,0.00199999999999534,97,36.8413614879047,18.4206807439524
96,10000,0.054000000000002,97,0.00199999999999534,97,36.8413614879047,18.4206807439524
96,10000,0.0529999999999973,97,0.00100000000000477,97,36.8413614879047,18.4206807439524
96,10000,0.054000000000002,97,0.00200000000000955,97,36.8413614879047,18.4206807439524
96,10000,0.0549999999999926,97,0.00100000000000477,97,36.8413614879047,18.4206807439524
96,10000,0.054000000000002,97,0.000999999999990564,97,36.8413614879047,18.4206807439524
96,10000,0.054000000000002,97,0.00100000000000477,97,36.8413614879047,18.4206807439524
96,10000,0.0559999999999974,97,0.00100000000000477,97,36.8413614879047,18.4206807439524
97,10000,0.054000000000002,98,0.00200000000000955,98,36.8413614879047,18.4206807439524
97,10000,0.0539999999999878,98,0.00199999999999534,98,36.8413614879047,18.4206807439524
97,10000,0.054000000000002,98,0.00199999999999534,99,36.8413614879047,18.4206807439524
97,10000,0.054000000000002,98,0.000999999999990564,98,36.8413614879047,18.4206807439524
97,10000,0.0539999999999878,98,0.00199999999999534,98,36.8413614879047,18.4206807439524
97,10000,0.0539999999999878,98,0.00199999999999534,98,36.8413614879047,18.4206807439524
97,10000,0.054000000000002,98,0.00100000000000477,98,36.8413614879047,18.4206807439524
97,10000,0.054000000000002,98,0.00100000000000477,98,36.8413614879047,18.4206807439524
97,10000,0.0529999999999973,98,0.00200000000000955,98,36.8413614879047,18.4206807439524
97,10000,0.0539999999999878,98,0.00199999999999534,98,36.8413614879047,18.4206807439524
98,10000,0.0529999999999973,99,0.00100000000000477,99,36.8413614879047,18.4206807439524
98,10000,0.0570000000000022,99,0.00199999999999534,99,36.8413614879047,18.4206807439524
98,10000,0.054000000000002,99,0.00199999999999534,99,36.8413614879047,18.4206807439524
98,10000,0.054000000000002,99,0.00199999999999534,99,36.8413614879047,18.4206807439524
98,10000,0.0530000000000115,99,0.000999999999990564,99,36.8413614879047,18.4206807439524
98,10000,0.0529999999999973,99,0.000999999999990564,99,36.8413614879047,18.4206807439524
98,10000,0.0529999999999973,99,0.00100000000000477,99,36.8413614879047,18.4206807439524
98,10000,0.0530000000000115,99,0.00199999999999534,99,36.8413614879047,18.4206807439524
98,10000,0.054000000000002,99,0.00100000000000477,99,36.8413614879047,18.4206807439524
98,10000,0.0529999999999973,99,0.00100000000000477,99,36.8413614879047,18.4206807439524
99,10000,0.0529999999999973,100,0.00100000000000477,101,36.8413614879047,18.4206807439524
99,10000,0.0520000000000067,100,0.000999999999990564,100,36.8413614879047,18.4206807439524
99,10000,0.0529999999999973,100,0.00199999999999534,100,36.8413614879047,18.4206807439524
99,10000,0.0519999999999925,100,0.00100000000000477,100,36.8413614879047,18.4206807439524
99,10000,0.0529999999999973,100,0.00199999999999534,100,36.8413614879047,18.4206807439524
99,10000,0.0529999999999973,100,0.00199999999999534,100,36.8413614879047,18.4206807439524
99,10000,0.0519999999999925,100,0.00100000000000477,100,36.8413614879047,18.4206807439524
99,10000,0.0529999999999973,100,0.00100000000000477,100,36.8413614879047,18.4206807439524
99,10000,0.0520000000000067,100,0.00199999999999534,100,36.8413614879047,18.4206807439524
99,10000,0.0529999999999973,100,0.00199999999999534,100,36.8413614879047,18.4206807439524
100,10000,0.0520000000000067,101,0.00200000000000955,101,36.8413614879047,18.4206807439524
100,10000,0.0559999999999974,101,0.00199999999999534,101,36.8413614879047,18.4206807439524
100,10000,0.0529999999999973,101,0.00100000000000477,101,36.8413614879047,18.4206807439524
100,10000,0.054000000000002,101,0.00100000000000477,101,36.8413614879047,18.4206807439524
100,10000,0.0519999999999925,101,0.00199999999999534,101,36.8413614879047,18.4206807439524
100,10000,0.0520000000000067,101,0.00199999999999534,101,36.8413614879047,18.4206807439524
100,10000,0.0529999999999973,101,0.00199999999999534,101,36.8413614879047,18.4206807439524
100,10000,0.054000000000002,101,0.00200000000000955,101,36.8413614879047,18.4206807439524
100,10000,0.0530000000000115,101,0.00199999999999534,101,36.8413614879047,18.4206807439524
100,10000,0.0520000000000067,101,0.00199999999999534,101,36.8413614879047,18.4206807439524
