"n","PELT","PELT_nchanges","SVP","SVP_nchanges"
1024,0.00300000000001432,1,0.00300000000001432,1
1024,0.032999999999987,1,0.00300000000001432,1
1024,0.00200000000000955,1,0.0029999999999859,1
1024,0.00100000000000477,1,0.00300000000001432,1
1024,0.00100000000000477,1,0.00200000000000955,1
1024,0.00199999999998113,1,0.0029999999999859,1
1024,0.00100000000000477,1,0.00200000000000955,1
1024,0.00100000000000477,1,0.00200000000000955,1
1024,0.00100000000000477,1,0.0029999999999859,1
1024,0.00100000000000477,1,0.00300000000001432,1
1024,0.000999999999976353,1,0.00200000000000955,1
1024,0.00200000000000955,1,0.0029999999999859,1
1024,0.00100000000000477,1,0.00199999999998113,1
1024,0.00100000000000477,1,0.00200000000000955,1
1024,0.00100000000000477,1,0.0029999999999859,1
1024,0.00200000000000955,1,0.00200000000000955,1
1024,0.000999999999976353,1,0.0029999999999859,1
1024,0.00100000000000477,1,0.00200000000000955,1
1024,0.00199999999998113,1,0.00200000000000955,1
1024,0.00100000000000477,1,0.00199999999998113,1
1185,0.00100000000000477,1,0.0029999999999859,1
1185,0.00200000000000955,1,0.0029999999999859,1
1185,0.0370000000000061,1,0.00200000000000955,1
1185,0.00199999999998113,1,0.0029999999999859,1
1185,0.00100000000000477,1,0.00300000000001432,1
1185,0.00199999999998113,1,0.0040000000000191,1
1185,0.00199999999998113,1,0.0029999999999859,1
1185,0.00200000000000955,1,0.00399999999999068,1
1185,0.00200000000000955,1,0.00200000000000955,1
1185,0.00100000000000477,1,0.0029999999999859,1
1185,0.00200000000000955,1,0.0029999999999859,1
1185,0.00100000000000477,1,0.00300000000001432,1
1185,0.00100000000000477,1,0.00300000000001432,1
1185,0.000999999999976353,1,0.00300000000001432,1
1185,0.00199999999998113,1,0.0029999999999859,1
1185,0.00199999999998113,1,0.00300000000001432,1
1185,0.00200000000000955,1,0.0029999999999859,1
1185,0.00199999999998113,1,0.00300000000001432,1
1185,0.00199999999998113,1,0.00300000000001432,1
1185,0.00199999999998113,1,0.00200000000000955,1
1371,0.00199999999998113,1,0.0040000000000191,1
1371,0.00199999999998113,1,0.00399999999999068,1
1371,0.00200000000000955,1,0.0029999999999859,1
1371,0.00200000000000955,1,0.00300000000001432,1
1371,0.00200000000000955,1,0.0029999999999859,1
1371,0.00200000000000955,1,0.00499999999999545,1
1371,0.00200000000000955,1,0.00399999999999068,1
1371,0.00200000000000955,1,0.00399999999999068,1
1371,0.00200000000000955,1,0.00399999999999068,1
1371,0.00199999999998113,1,0.0040000000000191,1
1371,0.00200000000000955,1,0.0040000000000191,1
1371,0.00199999999998113,1,0.00300000000001432,1
1371,0.00300000000001432,1,0.0040000000000191,1
1371,0.00200000000000955,1,0.00300000000001432,1
1371,0.00200000000000955,1,0.00399999999999068,1
1371,0.00200000000000955,1,0.00399999999999068,1
1371,0.00200000000000955,1,0.00300000000001432,1
1371,0.0029999999999859,1,0.00399999999999068,1
1371,0.0029999999999859,1,0.00399999999999068,1
1371,0.00199999999998113,1,0.0040000000000191,1
1586,0.0029999999999859,1,0.00399999999999068,1
1586,0.0040000000000191,1,0.00499999999999545,1
1586,0.00200000000000955,1,0.0040000000000191,1
1586,0.0029999999999859,1,0.00600000000000023,1
1586,0.00399999999999068,1,0.00399999999999068,1
1586,0.00200000000000955,1,0.0040000000000191,1
1586,0.0029999999999859,1,0.0040000000000191,1
1586,0.0029999999999859,1,0.0040000000000191,1
1586,0.00200000000000955,1,0.00399999999999068,1
1586,0.00200000000000955,1,0.00500000000002387,1
1586,0.00199999999998113,1,0.00399999999999068,1
1586,0.00200000000000955,1,0.00399999999999068,1
1586,0.00300000000001432,1,0.0040000000000191,1
1586,0.00199999999998113,1,0.00399999999999068,1
1586,0.00300000000001432,1,0.00399999999999068,1
1586,0.00200000000000955,1,0.00399999999999068,1
1586,0.00200000000000955,1,0.0040000000000191,1
1586,0.0029999999999859,1,0.00399999999999068,1
1586,0.0029999999999859,1,0.00399999999999068,1
1586,0.00200000000000955,1,0.00399999999999068,1
1836,0.00300000000001432,1,0.00499999999999545,1
1836,0.00399999999999068,1,0.00499999999999545,1
1836,0.00499999999999545,1,0.00600000000000023,1
1836,0.00300000000001432,1,0.00499999999999545,1
1836,0.0029999999999859,1,0.00500000000002387,1
1836,0.0029999999999859,1,0.00499999999999545,1
1836,0.0029999999999859,1,0.00500000000002387,1
1836,0.0040000000000191,1,0.0040000000000191,1
1836,0.00300000000001432,1,0.0040000000000191,1
1836,0.0040000000000191,1,0.00499999999999545,1
1836,0.0029999999999859,1,0.00499999999999545,1
1836,0.00300000000001432,1,0.00499999999999545,1
1836,0.0029999999999859,1,0.00499999999999545,1
1836,0.00300000000001432,1,0.0040000000000191,1
1836,0.0040000000000191,1,0.00500000000002387,1
1836,0.0029999999999859,1,0.00499999999999545,1
1836,0.00300000000001432,1,0.00499999999999545,1
1836,0.0029999999999859,1,0.00399999999999068,1
1836,0.0040000000000191,1,0.00500000000002387,1
1836,0.00399999999999068,1,0.00499999999999545,1
2124,0.00399999999999068,1,0.00499999999999545,1
2124,0.00499999999999545,1,0.00499999999999545,1
2124,0.00600000000000023,1,0.00499999999999545,1
2124,0.0040000000000191,1,0.00500000000002387,1
2124,0.0040000000000191,1,0.00499999999999545,1
2124,0.00399999999999068,1,0.00499999999999545,1
2124,0.0370000000000061,1,0.00500000000002387,1
2124,0.0040000000000191,1,0.00599999999997181,1
2124,0.00499999999999545,1,0.00499999999999545,1
2124,0.00399999999999068,1,0.00600000000000023,1
2124,0.0040000000000191,1,0.00499999999999545,1
2124,0.00399999999999068,1,0.00600000000000023,1
2124,0.00499999999999545,1,0.00499999999999545,1
2124,0.00499999999999545,1,0.00600000000000023,1
2124,0.00399999999999068,1,0.00600000000000023,1
2124,0.00399999999999068,1,0.00499999999999545,1
2124,0.00499999999999545,1,0.00499999999999545,1
2124,0.00399999999999068,1,0.00500000000002387,1
2124,0.00600000000000023,1,0.007000000000005,1
2124,0.00399999999999068,1,0.00499999999999545,1
2458,0.0349999999999966,1,0.00900000000001455,1
2458,0.00600000000000023,1,0.007000000000005,1
2458,0.00600000000000023,1,0.00600000000000023,1
2458,0.00600000000000023,1,0.007000000000005,1
2458,0.00600000000000023,1,0.00600000000000023,1
2458,0.00499999999999545,1,0.007000000000005,1
2458,0.007000000000005,1,0.00600000000000023,1
2458,0.00600000000000023,1,0.007000000000005,1
2458,0.007000000000005,1,0.00699999999997658,1
2458,0.00600000000000023,1,0.007000000000005,1
2458,0.00800000000000978,1,0.00600000000000023,1
2458,0.00499999999999545,1,0.00600000000000023,1
2458,0.00600000000000023,1,0.00600000000000023,1
2458,0.00499999999999545,1,0.007000000000005,1
2458,0.00499999999999545,1,0.00600000000000023,1
2458,0.00600000000000023,1,0.007000000000005,1
2458,0.007000000000005,1,0.00600000000000023,1
2458,0.00600000000000023,1,0.007000000000005,1
2458,0.00600000000000023,1,0.00600000000000023,1
2458,0.00500000000002387,1,0.00600000000000023,1
2844,0.007000000000005,1,0.0109999999999957,1
2844,0.00699999999997658,1,0.00899999999998613,1
2844,0.00899999999998613,1,0.00800000000000978,1
2844,0.007000000000005,1,0.00800000000000978,1
2844,0.00800000000000978,1,0.007000000000005,1
2844,0.00800000000000978,1,0.007000000000005,1
2844,0.00699999999997658,1,0.00799999999998136,1
2844,0.007000000000005,1,0.00800000000000978,1
2844,0.007000000000005,1,0.00800000000000978,1
2844,0.007000000000005,1,0.00900000000001455,1
2844,0.00800000000000978,1,0.00800000000000978,1
2844,0.00799999999998136,1,0.00799999999998136,1
2844,0.0100000000000193,1,0.00699999999997658,1
2844,0.007000000000005,1,0.007000000000005,1
2844,0.007000000000005,1,0.00800000000000978,1
2844,0.00899999999998613,1,0.007000000000005,1
2844,0.007000000000005,1,0.00800000000000978,1
2844,0.00800000000000978,1,0.00799999999998136,1
2844,0.007000000000005,1,0.007000000000005,1
2844,0.00799999999998136,1,0.007000000000005,1
3291,0.00899999999998613,1,0.00900000000001455,1
3291,0.0120000000000005,1,0.0109999999999957,1
3291,0.00899999999998613,1,0.00900000000001455,1
3291,0.0099999999999909,1,0.0099999999999909,1
3291,0.0110000000000241,1,0.0109999999999957,1
3291,0.0100000000000193,1,0.00899999999998613,1
3291,0.0099999999999909,1,0.00900000000001455,1
3291,0.00900000000001455,1,0.0099999999999909,1
3291,0.0109999999999957,1,0.00899999999998613,1
3291,0.0109999999999957,1,0.00899999999998613,1
3291,0.0100000000000193,1,0.00900000000001455,1
3291,0.0130000000000052,1,0.0100000000000193,1
3291,0.0099999999999909,1,0.00800000000000978,1
3291,0.00900000000001455,1,0.00899999999998613,1
3291,0.00900000000001455,1,0.00899999999998613,1
3291,0.00900000000001455,1,0.00900000000001455,1
3291,0.0099999999999909,1,0.00800000000000978,1
3291,0.00899999999998613,1,0.0100000000000193,1
3291,0.0099999999999909,1,0.00899999999998613,1
3291,0.00899999999998613,1,0.00899999999998613,1
3808,0.0129999999999768,1,0.0109999999999957,1
3808,0.0130000000000052,1,0.0109999999999957,1
3808,0.0130000000000052,1,0.0110000000000241,1
3808,0.0130000000000052,1,0.0120000000000005,1
3808,0.0130000000000052,1,0.0109999999999957,1
3808,0.0130000000000052,1,0.0110000000000241,1
3808,0.0130000000000052,1,0.0099999999999909,1
3808,0.0139999999999816,1,0.0120000000000005,1
3808,0.0130000000000052,1,0.0109999999999957,1
3808,0.0130000000000052,1,0.0109999999999957,1
3808,0.0130000000000052,1,0.0109999999999957,1
3808,0.0139999999999816,1,0.0109999999999957,1
3808,0.0130000000000052,1,0.0099999999999909,1
3808,0.01400000000001,1,0.0100000000000193,1
3808,0.01400000000001,1,0.0109999999999957,1
3808,0.01400000000001,1,0.0109999999999957,1
3808,0.0130000000000052,1,0.0130000000000052,1
3808,0.0130000000000052,1,0.0110000000000241,1
3808,0.0129999999999768,1,0.0109999999999957,1
3808,0.01400000000001,1,0.0110000000000241,1
4406,0.0180000000000007,1,0.0130000000000052,1
4406,0.0169999999999959,1,0.0120000000000005,1
4406,0.0180000000000007,1,0.01400000000001,1
4406,0.0170000000000243,1,0.0130000000000052,1
4406,0.0169999999999959,1,0.0130000000000052,1
4406,0.0169999999999959,1,0.0130000000000052,1
4406,0.0180000000000007,1,0.0120000000000005,1
4406,0.0180000000000007,1,0.0129999999999768,1
4406,0.0180000000000007,1,0.0130000000000052,1
4406,0.0169999999999959,1,0.0129999999999768,1
4406,0.021000000000015,1,0.0130000000000052,1
4406,0.0170000000000243,1,0.0129999999999768,1
4406,0.0180000000000007,1,0.0120000000000005,1
4406,0.0180000000000007,1,0.0139999999999816,1
4406,0.0169999999999959,1,0.0120000000000005,1
4406,0.0180000000000007,1,0.0130000000000052,1
4406,0.0169999999999959,1,0.0130000000000052,1
4406,0.0179999999999723,1,0.0129999999999768,1
4406,0.0169999999999959,1,0.0130000000000052,1
4406,0.0169999999999959,1,0.0120000000000005,1
5098,0.0229999999999961,1,0.0150000000000148,1
5098,0.0240000000000009,1,0.0159999999999911,1
5098,0.0229999999999961,1,0.0150000000000148,1
5098,0.0249999999999773,1,0.0150000000000148,1
5098,0.0229999999999961,1,0.0159999999999911,1
5098,0.0269999999999868,1,0.0149999999999864,1
5098,0.0240000000000009,1,0.0149999999999864,1
5098,0.0240000000000009,1,0.0149999999999864,1
5098,0.0240000000000009,1,0.0159999999999911,1
5098,0.0250000000000057,1,0.0149999999999864,1
5098,0.0229999999999961,1,0.0149999999999864,1
5098,0.0240000000000009,1,0.0159999999999911,1
5098,0.0240000000000009,1,0.0149999999999864,1
5098,0.0229999999999961,1,0.0159999999999911,1
5098,0.0319999999999823,1,0.0169999999999959,1
5098,0.0229999999999961,1,0.0150000000000148,1
5098,0.0229999999999961,1,0.018999999999977,1
5098,0.0240000000000009,1,0.0169999999999959,1
5098,0.0229999999999961,1,0.0149999999999864,1
5098,0.0240000000000009,1,0.0150000000000148,1
5899,0.0319999999999823,1,0.021000000000015,1
5899,0.0309999999999775,1,0.0190000000000055,1
5899,0.0310000000000059,1,0.0180000000000007,1
5899,0.0310000000000059,1,0.018999999999977,1
5899,0.0300000000000011,1,0.0180000000000007,1
5899,0.0320000000000107,1,0.0190000000000055,1
5899,0.0320000000000107,1,0.0180000000000007,1
5899,0.0309999999999775,1,0.0180000000000007,1
5899,0.0310000000000059,1,0.0180000000000007,1
5899,0.0330000000000155,1,0.0190000000000055,1
5899,0.0310000000000059,1,0.0190000000000055,1
5899,0.0310000000000059,1,0.0190000000000055,1
5899,0.0310000000000059,1,0.0180000000000007,1
5899,0.0310000000000059,1,0.0180000000000007,1
5899,0.0320000000000107,1,0.0180000000000007,1
5899,0.0309999999999775,1,0.0180000000000007,1
5899,0.0310000000000059,1,0.0190000000000055,1
5899,0.0400000000000205,1,0.0200000000000102,1
5899,0.0319999999999823,1,0.018999999999977,1
5899,0.0310000000000059,1,0.0190000000000055,1
6826,0.0420000000000016,1,0.0209999999999866,1
6826,0.0409999999999968,1,0.0219999999999914,1
6826,0.0420000000000016,1,0.0229999999999961,1
6826,0.0420000000000016,1,0.0220000000000198,1
6826,0.0460000000000207,1,0.0240000000000009,1
6826,0.0420000000000016,1,0.021000000000015,1
6826,0.0410000000000252,1,0.0220000000000198,1
6826,0.0409999999999968,1,0.0219999999999914,1
6826,0.0409999999999968,1,0.0219999999999914,1
6826,0.0409999999999968,1,0.0250000000000057,1
6826,0.0420000000000016,1,0.0229999999999961,1
6826,0.0409999999999968,1,0.0250000000000057,1
6826,0.0409999999999968,1,0.0300000000000011,1
6826,0.0420000000000016,1,0.0279999999999916,1
6826,0.0409999999999968,1,0.0229999999999961,1
6826,0.0409999999999968,1,0.0219999999999914,1
6826,0.0420000000000016,1,0.0220000000000198,1
6826,0.0419999999999732,1,0.0220000000000198,1
6826,0.0410000000000252,1,0.0220000000000198,1
6826,0.0420000000000016,1,0.0240000000000009,1
7899,0.0580000000000211,1,0.02800000000002,1
7899,0.0560000000000116,1,0.0269999999999868,1
7899,0.0600000000000023,1,0.025999999999982,1
7899,0.0560000000000116,1,0.0270000000000152,1
7899,0.0560000000000116,1,0.0279999999999916,1
7899,0.054000000000002,1,0.0270000000000152,1
7899,0.0560000000000116,1,0.025999999999982,1
7899,0.0550000000000068,1,0.0279999999999916,1
7899,0.0620000000000118,1,0.0269999999999868,1
7899,0.0559999999999832,1,0.0270000000000152,1
7899,0.0559999999999832,1,0.0269999999999868,1
7899,0.056999999999988,1,0.0269999999999868,1
7899,0.0549999999999784,1,0.025999999999982,1
7899,0.0550000000000068,1,0.0270000000000152,1
7899,0.0560000000000116,1,0.0269999999999868,1
7899,0.0560000000000116,1,0.02800000000002,1
7899,0.0550000000000068,1,0.0260000000000105,1
7899,0.0559999999999832,1,0.0320000000000107,1
7899,0.0579999999999927,1,0.0260000000000105,1
7899,0.0549999999999784,1,0.0260000000000105,1
9139,0.0730000000000075,1,0.0320000000000107,1
9139,0.0730000000000075,1,0.0319999999999823,1
9139,0.0730000000000075,1,0.0320000000000107,1
9139,0.0860000000000127,1,0.0310000000000059,1
9139,0.0789999999999793,1,0.0310000000000059,1
9139,0.0740000000000123,1,0.0319999999999823,1
9139,0.0740000000000123,1,0.0310000000000059,1
9139,0.0739999999999839,1,0.0310000000000059,1
9139,0.085000000000008,1,0.0310000000000059,1
9139,0.0730000000000075,1,0.032999999999987,1
9139,0.0739999999999839,1,0.0320000000000107,1
9139,0.0740000000000123,1,0.0320000000000107,1
9139,0.0740000000000123,1,0.0330000000000155,1
9139,0.0730000000000075,1,0.0319999999999823,1
9139,0.0740000000000123,1,0.0319999999999823,1
9139,0.0790000000000077,1,0.0320000000000107,1
9139,0.0739999999999839,1,0.0360000000000014,1
9139,0.075000000000017,1,0.032999999999987,1
9139,0.0740000000000123,1,0.0309999999999775,1
9139,0.0740000000000123,1,0.0370000000000061,1
10575,0.100999999999999,1,0.0389999999999873,1
10575,0.0999999999999943,1,0.0380000000000109,1
10575,0.102000000000004,1,0.0379999999999825,1
10575,0.100999999999999,1,0.0390000000000157,1
10575,0.100999999999999,1,0.0379999999999825,1
10575,0.0999999999999943,1,0.0400000000000205,1
10575,0.0999999999999943,1,0.0389999999999873,1
10575,0.111999999999995,1,0.0379999999999825,1
10575,0.0999999999999943,1,0.0409999999999968,1
10575,0.100999999999999,1,0.0390000000000157,1
10575,0.0999999999999943,1,0.0379999999999825,1
10575,0.102000000000004,1,0.0390000000000157,1
10575,0.0999999999999943,1,0.0379999999999825,1
10575,0.0999999999999943,1,0.039999999999992,1
10575,0.100999999999999,1,0.0390000000000157,1
10575,0.103999999999985,1,0.0420000000000016,1
10575,0.100999999999999,1,0.0420000000000016,1
10575,0.0999999999999943,1,0.0409999999999968,1
10575,0.0999999999999943,1,0.0390000000000157,1
10575,0.0999999999999943,1,0.0379999999999825,1
12237,0.13300000000001,1,0.0480000000000018,1
12237,0.131999999999977,1,0.0530000000000257,1
12237,0.132000000000005,1,0.046999999999997,1
12237,0.131,1,0.046999999999997,1
12237,0.135999999999996,1,0.0480000000000018,1
12237,0.131,1,0.046999999999997,1
12237,0.132000000000005,1,0.046999999999997,1
12237,0.132000000000005,1,0.0480000000000018,1
12237,0.132000000000005,1,0.0460000000000207,1
12237,0.134999999999991,1,0.0480000000000018,1
12237,0.131,1,0.046999999999997,1
12237,0.132000000000005,1,0.0480000000000018,1
12237,0.132000000000005,1,0.0480000000000018,1
12237,0.131999999999977,1,0.046999999999997,1
12237,0.13300000000001,1,0.0529999999999973,1
12237,0.13300000000001,1,0.046999999999997,1
12237,0.13300000000001,1,0.0480000000000018,1
12237,0.134000000000015,1,0.046999999999997,1
12237,0.135999999999996,1,0.046999999999997,1
12237,0.131999999999977,1,0.046999999999997,1
14159,0.180000000000007,1,0.0600000000000023,1
14159,0.181000000000012,1,0.056999999999988,1
14159,0.180000000000007,1,0.0640000000000214,1
14159,0.185000000000002,1,0.0570000000000164,1
14159,0.179000000000002,1,0.056999999999988,1
14159,0.180999999999983,1,0.0600000000000023,1
14159,0.180000000000007,1,0.0589999999999975,1
14159,0.180999999999983,1,0.0589999999999975,1
14159,0.180000000000007,1,0.061000000000007,1
14159,0.182000000000016,1,0.0579999999999927,1
14159,0.180999999999983,1,0.0579999999999927,1
14159,0.180999999999983,1,0.0589999999999975,1
14159,0.179000000000002,1,0.0579999999999927,1
14159,0.179000000000002,1,0.0600000000000023,1
14159,0.179000000000002,1,0.0570000000000164,1
14159,0.178999999999974,1,0.0580000000000211,1
14159,0.177999999999997,1,0.0560000000000116,1
14159,0.179000000000002,1,0.056999999999988,1
14159,0.179000000000002,1,0.056999999999988,1
14159,0.179000000000002,1,0.0579999999999927,1
16384,0.236999999999995,1,0.0699999999999932,1
16384,0.236000000000018,1,0.0720000000000027,1
16384,0.240000000000009,1,0.0720000000000027,1
16384,0.238,1,0.0699999999999932,1
16384,0.24199999999999,1,0.070999999999998,1
16384,0.240000000000009,1,0.070999999999998,1
16384,0.236999999999995,1,0.070999999999998,1
16384,0.238,1,0.075000000000017,1
16384,0.258999999999986,1,0.0739999999999839,1
16384,0.247000000000014,1,0.0809999999999889,1
16384,0.241000000000014,1,0.0749999999999886,1
16384,0.239000000000004,1,0.0749999999999886,1
16384,0.24799999999999,1,0.0740000000000123,1
16384,0.239000000000004,1,0.0749999999999886,1
16384,0.242000000000019,1,0.070999999999998,1
16384,0.238,1,0.0759999999999934,1
16384,0.239000000000004,1,0.0740000000000123,1
16384,0.239000000000004,1,0.0720000000000027,1
16384,0.242999999999995,1,0.0749999999999886,1
16384,0.242000000000019,1,0.0739999999999839,1
