"n","rep","time"
1024,1,0.001
1024,2,0
1024,3,0
1024,4,0
1024,5,0.000999999999999973
1024,6,0
1024,7,0
1024,8,0
1024,9,0
1024,10,0
1024,11,0.001
1024,12,0
1024,13,0
1024,14,0
1024,15,0
1024,16,0
1024,17,0
1024,18,0
1024,19,0
1024,20,0
1185,1,0
1185,2,0
1185,3,0
1185,4,0
1185,5,0
1185,6,0
1185,7,0
1185,8,0
1185,9,0.001
1185,10,0
1185,11,0
1185,12,0
1185,13,0
1185,14,0
1185,15,0
1185,16,0.001
1185,17,0
1185,18,0
1185,19,0
1185,20,0
1371,1,0
1371,2,0
1371,3,0
1371,4,0.001
1371,5,0
1371,6,0
1371,7,0
1371,8,0
1371,9,0
1371,10,0
1371,11,0
1371,12,0
1371,13,0
1371,14,0
1371,15,0
1371,16,0
1371,17,0
1371,18,0
1371,19,0
1371,20,0
1586,1,0
1586,2,0
1586,3,0
1586,4,0
1586,5,0
1586,6,0
1586,7,0.001
1586,8,0
1586,9,0
1586,10,0
1586,11,0
1586,12,0
1586,13,0
1586,14,0
1586,15,0
1586,16,0
1586,17,0
1586,18,0
1586,19,0
1586,20,0
1836,1,0
1836,2,0
1836,3,0.001
1836,4,0
1836,5,0
1836,6,0.001
1836,7,0
1836,8,0
1836,9,0
1836,10,0
1836,11,0.001
1836,12,0.001
1836,13,0
1836,14,0
1836,15,0
1836,16,0
1836,17,0
1836,18,0
1836,19,0
1836,20,0.001
2124,1,0
2124,2,0.00100000000000011
2124,3,0
2124,4,0
2124,5,0.00100000000000011
2124,6,0
2124,7,0
2124,8,0
2124,9,0.00099999999999989
2124,10,0
2124,11,0
2124,12,0
2124,13,0
2124,14,0
2124,15,0.00100000000000011
2124,16,0
2124,17,0.00100000000000011
2124,18,0.00099999999999989
2124,19,0
2124,20,0
2458,1,0
2458,2,0
2458,3,0
2458,4,0
2458,5,0
2458,6,0
2458,7,0
2458,8,0
2458,9,0
2458,10,0
2458,11,0
2458,12,0.00100000000000011
2458,13,0
2458,14,0
2458,15,0.00099999999999989
2458,16,0.00099999999999989
2458,17,0.00099999999999989
2458,18,0
2458,19,0
2458,20,0.00100000000000011
2844,1,0.00100000000000011
2844,2,0
2844,3,0
2844,4,0.00099999999999989
2844,5,0.00099999999999989
2844,6,0
2844,7,0
2844,8,0
2844,9,0.00099999999999989
2844,10,0
2844,11,0
2844,12,0
2844,13,0
2844,14,0.00100000000000011
2844,15,0.00100000000000011
2844,16,0
2844,17,0.00099999999999989
2844,18,0
2844,19,0.00100000000000011
2844,20,0
3291,1,0
3291,2,0.00099999999999989
3291,3,0.00099999999999989
3291,4,0
3291,5,0.00099999999999989
3291,6,0.00099999999999989
3291,7,0
3291,8,0.00100000000000011
3291,9,0
3291,10,0.00099999999999989
3291,11,0.00100000000000011
3291,12,0.00099999999999989
3291,13,0
3291,14,0
3291,15,0.00099999999999989
3291,16,0.00099999999999989
3291,17,0
3291,18,0.00099999999999989
3291,19,0.00100000000000011
3291,20,0.00100000000000011
3808,1,0.00100000000000011
3808,2,0
3808,3,0
3808,4,0.00100000000000011
3808,5,0
3808,6,0.00100000000000011
3808,7,0
3808,8,0.00100000000000011
3808,9,0
3808,10,0
3808,11,0
3808,12,0
3808,13,0.00100000000000011
3808,14,0.00099999999999989
3808,15,0.00100000000000011
3808,16,0
3808,17,0.00099999999999989
3808,18,0
3808,19,0
3808,20,0
4406,1,0
4406,2,0.00099999999999989
4406,3,0.00099999999999989
4406,4,0
4406,5,0.00099999999999989
4406,6,0
4406,7,0
4406,8,0
4406,9,0
4406,10,0.00100000000000011
4406,11,0.00099999999999989
4406,12,0.00100000000000011
4406,13,0.00100000000000033
4406,14,0.00099999999999989
4406,15,0.00099999999999989
4406,16,0
4406,17,0.00099999999999989
4406,18,0.00100000000000033
4406,19,0
4406,20,0.00100000000000033
5098,1,0
5098,2,0
5098,3,0.00099999999999989
5098,4,0.00099999999999989
5098,5,0
5098,6,0
5098,7,0
5098,8,0
5098,9,0.00099999999999989
5098,10,0.00100000000000033
5098,11,0
5098,12,0
5098,13,0.00099999999999989
5098,14,0.00099999999999989
5098,15,0
5098,16,0.00099999999999989
5098,17,0
5098,18,0.00099999999999989
5098,19,0.00099999999999989
5098,20,0.00099999999999989
5899,1,0.00100000000000033
5899,2,0.00099999999999989
5899,3,0
5899,4,0.00100000000000033
5899,5,0.00099999999999989
5899,6,0.00099999999999989
5899,7,0
5899,8,0.00099999999999989
5899,9,0.00099999999999989
5899,10,0.00100000000000033
5899,11,0.00099999999999989
5899,12,0.00099999999999989
5899,13,0.00099999999999989
5899,14,0.00099999999999989
5899,15,0
5899,16,0.00100000000000033
5899,17,0.00099999999999989
5899,18,0.00099999999999989
5899,19,0.00099999999999989
5899,20,0
6826,1,0.00099999999999989
6826,2,0.00099999999999989
6826,3,0.00100000000000033
6826,4,0.00099999999999989
6826,5,0.00100000000000033
6826,6,0
6826,7,0.00099999999999989
6826,8,0
6826,9,0.00099999999999989
6826,10,0.00100000000000033
6826,11,0.00099999999999989
6826,12,0.00099999999999989
6826,13,0.00099999999999989
6826,14,0.00100000000000033
6826,15,0.00099999999999989
6826,16,0.00099999999999989
6826,17,0.00099999999999989
6826,18,0
6826,19,0.00100000000000033
6826,20,0
7899,1,0.00099999999999989
7899,2,0.00099999999999989
7899,3,0.00099999999999989
7899,4,0.00099999999999989
7899,5,0.00099999999999989
7899,6,0.00100000000000033
7899,7,0.00099999999999989
7899,8,0.00099999999999989
7899,9,0
7899,10,0.00099999999999989
7899,11,0.00099999999999989
7899,12,0.00099999999999989
7899,13,0
7899,14,0.00100000000000033
7899,15,0.00099999999999989
7899,16,0.00099999999999989
7899,17,0.00099999999999989
7899,18,0.00099999999999989
7899,19,0.00100000000000033
7899,20,0.00099999999999989
9139,1,0.00099999999999989
9139,2,0.00099999999999989
9139,3,0.00099999999999989
9139,4,0.00099999999999989
9139,5,0.00099999999999989
9139,6,0.00099999999999989
9139,7,0.00099999999999989
9139,8,0.00099999999999989
9139,9,0.00100000000000033
9139,10,0.00099999999999989
9139,11,0.00099999999999989
9139,12,0.00200000000000022
9139,13,0.00099999999999989
9139,14,0.00099999999999989
9139,15,0.00100000000000033
9139,16,0.00099999999999989
9139,17,0.00099999999999989
9139,18,0.00099999999999989
9139,19,0.00099999999999989
9139,20,0.00099999999999989
10575,1,0.00099999999999989
10575,2,0.00100000000000033
10575,3,0.00099999999999989
10575,4,0.00200000000000022
10575,5,0.00099999999999989
10575,6,0.00099999999999989
10575,7,0.00100000000000033
10575,8,0.00099999999999989
10575,9,0.00099999999999989
10575,10,0.00099999999999989
10575,11,0.00099999999999989
10575,12,0.00200000000000022
10575,13,0.00099999999999989
10575,14,0.00099999999999989
10575,15,0.00099999999999989
10575,16,0.00099999999999989
10575,17,0.00099999999999989
10575,18,0.00099999999999989
10575,19,0.00200000000000022
10575,20,0.00099999999999989
12237,1,0.00200000000000022
12237,2,0.00200000000000022
12237,3,0.00099999999999989
12237,4,0.00199999999999978
12237,5,0.00199999999999978
12237,6,0.00200000000000022
12237,7,0.00099999999999989
12237,8,0.00199999999999978
12237,9,0.00099999999999989
12237,10,0.00099999999999989
12237,11,0.00099999999999989
12237,12,0.00099999999999989
12237,13,0.00199999999999978
12237,14,0.00099999999999989
12237,15,0.00099999999999989
12237,16,0.00099999999999989
12237,17,0.00100000000000033
12237,18,0.00200000000000022
12237,19,0.00099999999999989
12237,20,0.00100000000000033
14159,1,0.00199999999999978
14159,2,0.00199999999999978
14159,3,0.00099999999999989
14159,4,0.00199999999999978
14159,5,0.00099999999999989
14159,6,0.00100000000000033
14159,7,0.00099999999999989
14159,8,0.00199999999999978
14159,9,0.00199999999999978
14159,10,0.00200000000000022
14159,11,0.00200000000000022
14159,12,0.00199999999999978
14159,13,0.00099999999999989
14159,14,0.00099999999999989
14159,15,0.00100000000000033
14159,16,0.00099999999999989
14159,17,0.00099999999999989
14159,18,0.00099999999999989
14159,19,0.00200000000000022
14159,20,0.00199999999999978
16384,1,0.00300000000000011
16384,2,0.00300000000000011
16384,3,0.00200000000000022
16384,4,0.00199999999999978
16384,5,0.00199999999999978
16384,6,0.00099999999999989
16384,7,0.00099999999999989
16384,8,0.00199999999999978
16384,9,0.00099999999999989
16384,10,0.00200000000000022
16384,11,0.00200000000000022
16384,12,0.00200000000000022
16384,13,0.00200000000000022
16384,14,0.00199999999999978
16384,15,0.00099999999999989
16384,16,0.00200000000000022
16384,17,0.00199999999999978
16384,18,0.00199999999999978
16384,19,0.00200000000000022
16384,20,0.00200000000000022
